episode,stage,daily_cost_usd,min_voltage_pu,violation_rate_pct,service_quality,q_activation_freq,curtailed_kwh,peak_mw,wall_s
0,0,10.703974737054475,0.954658178531351,0.0,0.7523951821112431,0.0,0.0,3.351111584396854,15.7
1,0,9.984050373127516,0.9547280493825427,0.0,0.7659430481247052,0.0,0.0,3.3288709480343495,15.1
2,0,15.790146051108788,0.9561049084929258,0.0,0.7703223169974792,0.0,0.0,3.3172985296553033,15.1
3,0,13.512279372331665,0.9557897175761647,0.0,0.629417775195667,0.0,0.0,3.3033812520630037,15.2
4,0,11.529588859372884,0.9531773032917208,0.0,0.8510145193744941,0.0,0.0,3.3974509828519293,15.2
5,0,17.12794975110401,0.9562013347782535,0.0,0.7623623250189012,0.0,0.0,3.315125709024132,15.4
6,0,11.778669463724832,0.9545770432418544,0.0,0.580456138574244,0.0,0.0,3.357929669969918,15.2
7,0,11.541990669062493,0.9543300633536901,0.0,0.7114450320439619,0.0,0.0,3.352766903978218,15.1
8,0,12.258291587048284,0.9557469973271224,0.0,0.6937957021499807,0.0,0.0,3.3195732387191352,15.2
9,0,19.205451603773287,0.9550692421898282,0.0,0.8120066802091312,0.0,0.0,3.3448653591307496,15.4
10,0,23.78528641347449,0.9551386826381413,0.0,0.7970765589641229,0.0,0.0,3.332086283694585,15.2
11,0,16.713388986232843,0.9553307995212188,0.0,0.8676055106383708,0.0,0.0,3.3418370733243314,15.2
12,0,17.261143332189082,0.9539316209989896,0.0,0.7637829338046119,0.0,0.0,3.3625122372887164,15.2
13,0,15.568567642159824,0.9536383158810318,0.0,0.6624727487182859,0.0,0.0,3.3791599584028726,15.4
14,0,9.670668941069607,0.9564635753097908,0.0,0.5539021190444428,0.0,0.0,3.291356290230576,15.2
15,0,15.5499764295134,0.9562309381197817,0.0,0.8088293268489858,0.0,0.0,3.293221038679219,15.2
16,0,14.619523211577876,0.9554041583656612,0.0,0.8456780175962288,0.0,0.0,3.328616034926777,15.2
17,0,14.596436280972487,0.9543893029570422,0.0,0.834897550627261,0.0,0.0,3.359625033227929,15.2
18,0,12.66547438033536,0.9560223437652896,0.0,0.7673193635235463,0.0,0.0,3.309942870644447,15.5
19,0,11.631590538609071,0.956133047923874,0.0,0.6532748239314646,0.0,0.0,3.2978180344935915,15.3
20,0,14.358547078131082,0.9551170836955795,0.0,0.7300728058720232,0.0,0.0,3.338024458092569,15.2
21,0,25.778236944373266,0.9558496458060561,0.0,0.8667112122060411,0.0,0.0,3.3167530089856188,15.0
22,0,29.035659972160317,0.9544432784883888,0.0,0.8729070462082839,0.0,0.0,3.3576606555720785,15.1
23,0,19.76005689631476,0.9505595038226761,0.0,0.7340922973107515,0.0,0.0,3.4522088119891574,15.3
24,0,14.480498300357759,0.9540590795579921,0.0,0.7354610350547222,0.0,0.0,3.3692443361235602,15.1
25,0,16.5572973254005,0.9554599231647826,0.0,0.7815562100100486,0.0,0.0,3.3195043139919127,15.1
26,0,22.52994860566308,0.952353412533364,0.0,0.7933328047018949,0.0,0.0,3.4355883027043204,15.0
27,0,20.236448094125485,0.9544054111936127,0.0,0.7874194009892281,0.0,0.0,3.353816621232729,15.3
28,0,16.35963542746764,0.9555815015751891,0.0,0.7661392010931115,0.0,0.0,3.3360318844063857,15.1
29,0,18.53701198751296,0.9533393860331763,0.0,0.7893244329315396,0.0,0.0,3.4180467479191705,15.2
30,0,19.304306335140577,0.954479545209438,0.0,0.6756152840008294,0.0,0.0,3.3333252171398398,15.1
31,0,10.473438256193345,0.954458940505743,0.0,0.77500382343353,0.0,0.0,3.344769341110923,15.1
32,0,15.808846496096912,0.955780819102247,0.0,0.6804518516822876,0.0,0.0,3.3202988355462737,15.3
33,0,9.145221452811803,0.9536359916450775,0.0,0.6620397271369742,0.0,0.0,3.3810380621652163,15.1
34,0,16.295725987977235,0.9545241258954154,0.0,0.7260750536169605,0.0,0.0,3.3458338735211757,15.1
35,0,15.221211994272853,0.9545186999509137,0.0,0.642036997897629,0.0,0.0,3.374905206627872,15.1
36,0,16.152214987070785,0.9550373000203402,0.0,0.7300796644696516,0.0,0.0,3.335800042480504,15.3
37,0,12.438364680406682,0.9552144382725846,0.0,0.8548702664670895,0.0,0.0,3.3127014347027433,15.1
38,0,21.277848374903602,0.952763988452854,0.0,0.8246952536475859,0.0,0.0,3.4230722150631343,15.1
39,0,13.513671582506609,0.9551293542170032,0.0,0.7525012556581294,0.0,0.0,3.3431874977412313,15.2
40,0,12.873371160035521,0.9543933710265,0.0,0.710473449341864,0.0,0.0,3.350299790503999,15.1
41,0,10.404332276727736,0.9552265831436921,0.0,0.807004066866235,0.0,0.0,3.328262862861594,15.3
42,0,11.657267397023306,0.955429634182437,0.0,0.572243291575234,0.0,0.0,3.334948618535053,15.2
43,0,20.125396162528215,0.9550012562450558,0.0,0.6755681324177417,0.0,0.0,3.3390307812513447,15.2
44,0,21.524020785343815,0.9545421791639075,0.0,0.7765534161842642,0.0,0.0,3.3802127420892027,15.1
45,0,11.346464747933537,0.9551026583270665,0.0,0.8102344434415428,0.0,0.0,3.340294540642713,15.3
46,0,18.074079833657404,0.9551687646896263,0.0,0.7041216365271703,0.0,0.0,3.339667854513311,15.1
47,0,16.114865506860816,0.9544722568849634,0.0,0.8113659455379197,0.0,0.0,3.35761259223259,15.1
48,0,18.619632252830456,0.9538857021898,0.0,0.7092842249076071,0.0,0.0,3.352481122530692,15.1
49,0,18.672974035741433,0.9535639290046045,0.0,0.7298704231521173,0.0,0.0,3.3884948600681564,15.1
50,0,9.752582629589194,0.9546721298508944,0.0,0.8012883249008909,0.0,0.0,3.362234861663926,15.3
51,0,13.655695560048517,0.955040909977213,0.0,0.6464347430665847,0.0,0.0,3.3234687880706586,15.2
52,0,10.5559632934939,0.9558100165163465,0.0,0.7741083825345942,0.0,0.0,3.319966540010173,15.2
53,0,12.240153901915475,0.9547850485865,0.0,0.787731703945977,0.0,0.0,3.357532314227254,15.1
54,0,16.401857891773897,0.9539741555949813,0.0,0.7176741198759335,0.0,0.0,3.39860574694571,15.3
55,0,18.01682880967283,0.9541653514358469,0.0,0.6950375690203847,0.0,0.0,3.3646148352106784,15.1
56,0,18.663006855734842,0.9547920966011296,0.0,0.8229229724198829,0.0,0.0,3.38016467827952,15.1
57,0,16.782851704414092,0.9527925064105868,0.0,0.8173657191199247,0.0,0.0,3.423988697706004,15.2
58,0,15.12697908897891,0.955617928057153,0.0,0.7823468047379165,0.0,0.0,3.306800331000841,15.4
59,0,21.095196790832773,0.953585413302195,0.0,0.9257590206473816,0.0,0.0,3.3679118139325155,15.2
60,0,16.86487771606432,0.9550149123186178,0.0,0.8253594095096064,0.0,0.0,3.344535484075399,15.1
61,0,28.11832337983106,0.9516804135039648,0.0,0.7555460419236243,0.0,0.0,3.462678496593398,15.2
62,0,20.09915942253982,0.9545037896318617,0.0,0.7815003306511039,0.0,0.0,3.346241032944944,15.1
63,0,29.35257661529488,0.9528732953357703,0.0,0.7252581199118877,0.0,0.0,3.4067908690734106,15.3
64,0,21.635168947058975,0.9535661814170577,0.0,0.81100696206166,0.0,0.0,3.386810877049805,15.2
65,0,18.656740726159967,0.9545361447723477,0.0,0.7762892629604298,0.0,0.0,3.3843347620357513,15.1
66,0,20.440781987832853,0.9549690608517756,0.0,0.9398236787059178,0.0,0.0,3.3515568817030807,15.3
67,0,24.759902579730806,0.9537765106402917,0.0,0.9472619598037884,0.0,0.0,3.393781245967822,15.1
68,0,21.856676635731723,0.9546945318404408,0.0,0.9245930976922586,0.0,0.0,3.3270299102845917,15.2
69,0,20.263104908721388,0.9543411997278439,0.0,0.8620854937531153,0.0,0.0,3.3396442349559274,15.1
70,0,16.893536781180355,0.954722421335428,0.0,0.8624211150426464,0.0,0.0,3.353499445501821,15.5
71,0,15.252856266120158,0.9558597670638403,0.0,0.8218749332195857,0.0,0.0,3.3087178055556707,15.5
72,0,13.658203283151575,0.9546284071888723,0.0,0.9783229284471671,0.0,0.0,3.3255223920828865,15.6
73,0,15.399827569365744,0.955132489512414,0.0,0.8725197965876555,0.0,0.0,3.3241342771070688,15.4
74,0,24.96585130414764,0.9531201365732428,0.0,0.8026230743071885,0.0,0.0,3.4280195197782097,15.4
75,0,16.703892927470008,0.9536679175654718,0.0,0.772162655316562,0.0,0.0,3.3901448620046803,15.5
76,0,21.43027854786964,0.9531142230572338,0.0,0.8733454762170859,0.0,0.0,3.3496516133329775,15.4
77,0,21.63303745325438,0.9543728257040434,0.0,0.8813145261704584,0.0,0.0,3.363827230403442,15.6
78,0,15.835139706947967,0.9533844796554318,0.0,0.7953490334502202,0.0,0.0,3.354995980544621,15.5
79,0,22.88693583470301,0.9555620840894206,0.0,0.9437589473966657,0.0,0.0,3.34391841449709,15.3
80,0,15.648349473613706,0.9552186453247189,0.0,0.8112920442527946,0.0,0.0,3.3401854379136378,15.5
81,1,17.032659649372405,0.9535220083794348,0.0,0.8541566139338314,0.0,0.0,3.3537844245227233,15.4
82,1,41.610368905231944,0.9539098329522262,0.0,0.757152466008625,0.0,0.0,3.400559508305162,15.2
83,1,42.34365434921598,0.9527339655028747,0.0,0.8604662478392262,0.0,0.0,3.3707174810594878,15.1
84,1,30.55300999619446,0.953257499233528,0.0,0.7168939964363199,0.0,0.0,3.403731252954836,15.2
85,1,41.62676523449212,0.9531412299313962,0.0,0.6768041619312473,0.0,0.0,3.384290022125497,15.3
86,1,31.25470873496986,0.9555209748747249,0.0,0.6547948790234644,0.0,0.0,3.349454313456509,15.4
87,1,30.516725148313295,0.9537238234567039,0.0,0.8418091087552623,0.0,0.0,3.3911944336213997,15.3
88,1,33.47840062651853,0.953225433654224,0.0,0.7019812092081982,0.0,0.0,3.4115336559444946,15.3
89,1,36.935426895485314,0.9546075359888917,0.0,0.6996789657657471,0.0,0.0,3.3413897817943763,15.3
90,1,30.91651505115201,0.9531705106919407,0.0,0.7556642536716482,0.0,0.0,3.4002600608969327,15.4
91,1,38.169672610771805,0.9540665497263796,0.0,0.7800783837765021,0.0,0.0,3.3731937273089514,15.3
92,1,28.053072328496036,0.9523772291883145,0.0,0.7720209625961993,0.0,0.0,3.3739732126333277,15.4
93,1,33.60094956651311,0.9545383609620143,0.0,0.7554736652222489,0.0,0.0,3.3617373450690597,15.2
94,1,30.524650182383198,0.9535898540662293,0.0,0.7322417461142162,0.0,0.0,3.3967450143397393,15.4
95,1,29.992231036688278,0.9533454132897092,0.0,0.6386338055359164,0.0,0.0,3.3971494246576146,15.5
96,1,27.430420769603415,0.9555321313205049,0.0,0.6809119200973367,0.0,0.0,3.342719961627498,15.2
97,1,28.92656684574581,0.9539216467837274,0.0,0.8155877949145394,0.0,0.0,3.349806870723028,15.2
98,1,42.059074458017044,0.9514282784975124,0.0,0.7406403989570595,0.0,0.0,3.379605826734256,15.3
99,1,21.860356468329975,0.9550635879612177,0.0,0.6482897562960293,0.0,0.0,3.318696413187161,15.5
100,1,37.26786148663588,0.954597780319133,0.0,0.743276604105625,0.0,0.0,3.3534001605000827,15.3
101,1,31.117456852466216,0.9556359896208073,0.0,0.6880156836734389,0.0,0.0,3.3140144604714714,15.4
102,1,27.21277613442746,0.9537139383192906,0.0,0.5862793307739662,0.0,0.0,3.343331616865427,15.4
103,1,25.71726309968662,0.9557649330859208,0.0,0.7102468268056251,0.0,0.0,3.3227894038792063,15.4
104,1,37.22698543520908,0.9539172000710174,0.0,0.7732588429375042,0.0,0.0,3.406593333575732,15.5
105,1,31.94099742513115,0.9523561070779666,0.0,0.7004329947284872,0.0,0.0,3.432764638742475,15.3
106,1,43.75544297896159,0.9533303567851363,0.0,0.8061808114333,0.0,0.0,3.4126563034654387,15.2
107,1,35.2437844531238,0.9532072684463728,0.0,0.7286933620322497,0.0,0.0,3.3775421976269895,15.2
108,1,32.887454552051594,0.9547466332796765,0.0,0.7955871753930084,0.0,0.0,3.3468295012308573,15.6
109,1,41.111902827823656,0.9542326804373298,0.0,0.7821759496688045,0.0,0.0,3.3536501272293004,15.4
110,1,34.91191976220753,0.9534014250044575,0.0,0.8836352064213031,0.0,0.0,3.418142499885382,15.3
111,1,45.89368488058764,0.9528893839539061,0.0,0.778123137809043,0.0,0.0,3.416112293163429,15.3
112,1,29.708661644953096,0.955167690456446,0.0,0.8655959470486433,0.0,0.0,3.3568167477009387,15.4
113,1,40.955742362408785,0.9532728325798394,0.0,0.7494120748537137,0.0,0.0,3.419828717878329,15.6
114,1,44.6196391292815,0.9546913674119906,0.0,0.8844213025520496,0.0,0.0,3.3535743422600715,15.5
115,1,38.83675327189193,0.952813781953817,0.0,0.7880460756781251,0.0,0.0,3.4260475531367174,15.5
116,1,23.963897517063085,0.9546715720130385,0.0,0.7182948638969187,0.0,0.0,3.3675840076642767,15.4
117,1,29.59046111208945,0.9527865991837544,0.0,0.70230341803487,0.0,0.0,3.376649149925876,15.7
118,1,36.72814830722352,0.9522502981610643,0.0,0.7403405911813322,0.0,0.0,3.423126162536171,15.3
119,1,39.546141366070465,0.9530437139869306,0.0,0.8154940714070721,0.0,0.0,3.365243629164922,15.3
120,1,36.557013872164525,0.9539298752454812,0.0,0.778338429687349,0.0,0.0,3.3672342446227033,15.4
121,1,34.64416281180259,0.9534026076390691,0.0,0.8258951089775501,0.0,0.0,3.362729082393634,15.5
122,1,38.417552107711096,0.9535922090859767,0.0,0.8097785040449313,0.0,0.0,3.366826415600255,15.7
123,1,32.36531795900213,0.9545425560898326,0.0,0.8148885952970326,0.0,0.0,3.349457144000017,15.4
124,1,32.50970825427726,0.9555374941955018,0.0,0.7533094478615866,0.0,0.0,3.322164324017615,15.3
125,1,35.405654395963495,0.9543566511585895,0.0,0.7394028327322223,0.0,0.0,3.408674540853353,15.4
126,1,37.64073517879619,0.9530846196905887,0.0,0.7997461958600967,0.0,0.0,3.3600817309566207,15.7
127,1,32.55847261582681,0.9554977125569765,0.0,0.788886839487496,0.0,0.0,3.3170217993006847,15.3
128,1,23.84415372406734,0.9555141345956433,0.0,0.7104102826339176,0.0,0.0,3.326147144547848,15.2
129,1,49.900645796978175,0.9538307342306113,0.0,0.8737891057230976,0.0,0.0,3.3777824774093865,15.2
130,1,43.84046444440611,0.9522243861759592,0.0,0.921589012147954,0.0,0.0,3.4313210246606256,15.1
131,1,41.08917577422105,0.9546001084530827,0.0,0.6940152249379844,0.0,0.0,3.3617518391647154,15.4
132,1,39.54864301678185,0.9547019624339099,0.0,0.7332341616551671,0.0,0.0,3.3438420300462033,15.2
133,1,39.63882543124355,0.9532506435372021,0.0,0.7996144572631807,0.0,0.0,3.40416096164476,15.3
134,1,58.458630732591516,0.9535008904488818,0.0,0.7602278328978033,0.0,0.0,3.4268651335065075,15.2
135,1,53.79294644879061,0.9522485380266368,0.0,0.8324958568489195,0.0,0.0,3.4072086155721575,15.4
136,1,35.62456090509378,0.9549550621641109,0.0,0.8672831062867759,0.0,0.0,3.3402283148500556,15.3
137,1,57.264806528236676,0.9536392943324155,0.0,0.8356831638012372,0.0,0.0,3.4001380772007668,15.3
138,1,45.89694497652283,0.9531864878823318,0.0,0.7393596267092069,0.0,0.0,3.410444591895023,15.3
139,1,60.00369660015557,0.9541679323626114,0.0,0.7818788315706955,0.0,0.0,3.3595317023880225,15.2
140,1,40.665952404858054,0.9543149682818111,0.0,0.8391773068927538,0.0,0.0,3.365562271657656,15.4
141,1,44.23736568263875,0.9529219172042563,0.0,0.7337981517357353,0.0,0.0,3.4048409890608036,15.2
142,1,46.54464375426146,0.9537268557686994,0.0,0.7807842943147121,0.0,0.0,3.4356170679645808,15.2
143,1,59.326542512060264,0.9532765558256423,0.0,0.7580254426209627,0.0,0.0,3.3816709901647837,15.3
144,1,61.40925058691425,0.953308452675851,0.0,0.8326532062870846,0.0,0.0,3.4275697424821248,15.4
145,1,59.86361347633954,0.9525915773610891,0.0,0.8825485628832272,0.0,0.0,3.4276597332198655,15.3
146,1,53.84178637517936,0.9537372244887035,0.0,0.8529924625077524,0.0,0.0,3.4162589561134533,15.2
147,1,43.327220487824064,0.9533895521748278,0.0,0.8475070676551562,0.0,0.0,3.3687461288730245,15.3
148,1,63.23839149758119,0.9507621490525008,0.0,0.9027401281499271,0.0,0.0,3.427450836654745,15.3
149,1,59.5741680933453,0.9502380204383353,0.0,0.7553098143249691,0.0,0.0,3.448159234821064,15.5
150,1,55.39426632681915,0.9539267377725973,0.0,0.8060961275029895,0.0,0.0,3.3917363954763515,15.3
151,1,46.091389750298774,0.9529715549741273,0.0,0.8033721879998915,0.0,0.0,3.4010944684699136,15.3
152,1,49.109134282097855,0.9538352772239259,0.0,0.8228164397002601,0.0,0.0,3.379334624765135,15.3
153,1,62.96182163152161,0.9517437728270493,0.0,0.870655485400223,0.0,0.0,3.40998451155296,15.4
154,1,39.71379228397428,0.9548934866037156,0.0,0.9069126604079609,0.0,0.0,3.35493018492118,15.2
155,1,48.734367352421415,0.9545492457433176,0.0,0.7971015885921756,0.0,0.0,3.3740740698881813,15.2
156,1,40.89294502653862,0.9536576715492634,0.0,0.8098990263846776,0.0,0.0,3.373048362776584,15.2
157,1,62.297245237809776,0.9512058094136754,0.0,0.8555910379037166,0.0,0.0,3.391970779069105,15.3
158,1,43.589441225706175,0.9536529035339393,0.0,0.8344288106848462,0.0,0.0,3.3630567447204234,15.4
159,1,43.013494397173616,0.9533593067286024,0.0,0.7575143113918035,0.0,0.0,3.398476694251013,15.8
160,1,49.012748178916674,0.9538767259420081,0.0,0.8724504965571098,0.0,0.0,3.3525168176600078,15.4
161,1,49.03818277686733,0.9538622496702283,0.0,0.8369960098923844,0.0,0.0,3.3872243701651485,15.6
162,1,49.65135519434903,0.9535725800756819,0.0,0.9042002276024975,0.0,0.0,3.378652472419466,15.5
163,1,52.268440037149375,0.9522930150002321,0.0,0.8395577729996473,0.0,0.0,3.4137172074148285,15.4
164,1,62.68048718243006,0.9529147504711715,0.0,0.8313595561243379,0.0,0.0,3.3832438894363985,15.7
165,1,59.80759158412261,0.9520552229410171,0.0,0.7865356865557719,0.0,0.0,3.4237030668731685,15.4
166,1,56.99184204939943,0.9551877755369844,0.0,0.8897998494740292,0.0,0.0,3.350618120688386,15.4
167,1,59.64390209853288,0.9537743609430142,0.0,0.8416022550204703,0.0,0.0,3.4154531088656634,15.4
168,1,62.97577701193967,0.9540650246689361,0.0,0.761583881680808,0.0,0.0,3.39672720944662,15.3
169,1,45.2211072884591,0.9537046945843387,0.0,0.9082244967519627,0.0,0.0,3.3691595643094456,15.7
170,1,41.88846913367828,0.9529248292064306,0.0,0.8676029209679379,0.0,0.0,3.388565938514307,15.6
171,1,61.53637571822738,0.9531911085406111,0.0,0.8613430014125008,0.0,0.0,3.4320869855396063,15.9
172,1,54.282364599075116,0.9533074538691877,0.0,0.8503005972747602,0.0,0.0,3.376857431962996,15.6
173,1,48.53762233749547,0.9546083750245121,0.0,0.8181330742620095,0.0,0.0,3.3765113962151423,15.5
174,1,39.42850582627139,0.9537878347582589,0.0,0.9153782057026137,0.0,0.0,3.3815354381452964,15.6
175,1,47.7299487568553,0.9534984292970553,0.0,0.8977610242921717,0.0,0.0,3.4064860855818875,15.7
176,1,52.49477273816786,0.9558490738046084,0.0,0.7990759097405754,0.0,0.0,3.3394044480642755,15.9
177,1,51.624601508224224,0.9529180683207134,0.0,0.7864821579009903,0.0,0.0,3.4356343365644264,15.4
178,1,49.34965939492336,0.9524669257162901,0.0,0.8920755868802944,0.0,0.0,3.4237650532088013,15.3
179,1,40.508523033066275,0.951970855525668,0.0,0.8011172614704056,0.0,0.0,3.4174713945577726,15.6
180,1,64.97912470668362,0.9520230632015986,0.0,0.8928169032179732,0.0,0.0,3.41460682004453,15.5
181,1,52.362906621491696,0.9526653947413093,0.0,0.7575131964279772,0.0,0.0,3.415346841416012,15.3
182,1,49.74023457036198,0.9525502671567586,0.0,0.8302038099619997,0.0,0.0,3.4342167346073893,15.3
183,1,67.95215969428556,0.9524914310300747,0.0,0.7670979891766779,0.0,0.0,3.455861971028346,15.3
184,1,45.22894190184011,0.9540792327904829,0.0,0.7990316594602912,0.0,0.0,3.3497600231090705,15.3
185,1,60.52865135168395,0.9527039791249927,0.0,0.7440175366816357,0.0,0.0,3.4211779184899367,15.7
186,1,60.53540923412407,0.9538242895335185,0.0,0.9243094108424499,0.0,0.0,3.4137873021022296,15.4
187,1,72.63280840404516,0.9527213923639704,0.0,0.7889935935064484,0.0,0.0,3.4539611155900767,15.4
188,1,63.977523583602235,0.9549172590655968,0.0,0.8821654820966685,0.0,0.0,3.379617341248588,15.4
189,1,41.972407077688146,0.9532222124157216,0.0,0.6663621151262789,0.0,0.0,3.3796692232385497,15.6
190,1,60.32694708663069,0.9507772102184765,0.0,0.8210058002110093,0.0,0.0,3.435943813342481,15.4
191,1,40.074974834982534,0.9545157964876552,0.0,0.8346346112485891,0.0,0.0,3.32416968121574,15.4
192,1,46.762641023362974,0.9544744388689527,0.0,0.8920577291755104,0.0,0.0,3.3716748356910076,15.4
193,1,54.501354132673924,0.9530898602909101,0.0,0.9045712082562816,0.0,0.0,3.4159252623154197,15.4
194,1,62.349174149608274,0.9510879655118905,0.0,0.8593193557779268,0.0,0.0,3.4602103012473893,15.6
195,1,56.128211243250085,0.9517513363581374,0.0,0.8547145667488063,0.0,0.0,3.42288456762139,15.4
196,1,46.4118326245286,0.95568714655568,0.0,0.9012559358943605,0.0,0.0,3.3070083937560986,15.4
197,1,58.09042662338222,0.954103932670397,0.0,0.7560811370074817,0.0,0.0,3.3650229003335146,15.4
198,1,57.23416986344554,0.9510323235441329,0.0,0.8451728412095791,0.0,0.0,3.454561427614827,15.7
199,1,70.07906159552243,0.9523036514526143,0.0,0.9546035289323229,0.0,0.0,3.4327327922140247,15.5
200,1,50.85080592626097,0.9531325394921498,0.0,0.8567995240121191,0.0,0.0,3.35010288344972,15.3
201,1,61.8585639501276,0.9528245271249074,0.0,0.7717873698359236,0.0,0.0,3.393588106306917,15.2
202,1,52.660824276311274,0.9527657009780577,0.0,0.8778698157533802,0.0,0.0,3.4246668513369407,15.2
203,1,51.26994343769657,0.9536507663914229,0.0,0.86474366219734,0.0,0.0,3.367326836082286,15.4
204,1,59.85941263677131,0.9514591331425446,0.0,0.9066907149298646,0.0,0.0,3.4158431154553943,15.2
205,2,68.17873264994032,0.9503180821619872,0.0,0.9468963882172994,0.0,0.0,3.456896409479538,15.2
206,2,82.8813802091143,0.9510868352844004,0.0,0.9054176842719436,0.0,0.0,3.445334391556891,15.2
207,2,65.27602428855475,0.9527971197728633,0.0,0.8246128863770283,0.0,0.0,3.4001647991069457,15.4
208,2,76.94904282703114,0.9515745761183848,0.0,0.8941636013003881,0.0,0.0,3.4665445144821367,15.2
209,2,91.28845887868303,0.9510987785927946,0.0,0.9419242110542322,0.0,0.0,3.448416489877152,15.2
210,2,92.16245367812066,0.9513310015468252,0.0,0.8727348214757887,0.0006944444444444445,0.0,3.4991570008370676,15.2
211,2,84.99380053257265,0.9503664376249031,0.0,0.8893546933213274,0.0006944444444444445,0.0,3.4439461061017025,15.3
212,2,100.09820987860253,0.9505280262888764,0.0,0.9722747584275004,0.0006944444444444445,0.0,3.453092218599052,15.4
213,2,72.42972140401498,0.9526072137537929,0.0,0.80437716507501,0.0,0.0,3.443564710784951,15.3
214,2,98.12751071097287,0.9509633513799485,0.0,0.8149606617445537,0.0,0.0,3.4698591720527334,15.2
215,2,81.34760846783082,0.9529222606071216,0.0,0.9204219224721779,0.0,0.0,3.4267418454296172,15.2
216,2,87.36609442500588,0.953064379611604,0.0,0.8787413438002836,0.0,0.0,3.4651149182789256,15.5
217,2,70.49941167653381,0.9539691322714775,0.0,0.8573293092084107,0.0,0.0,3.4069103223747024,15.2
218,2,61.81107323136398,0.9512014397771499,0.0,0.8321679589042036,0.0,0.0,3.4572165489486077,15.3
219,2,71.56986635002986,0.9546474910538509,0.0,0.8384259563834144,0.0,0.0,3.3444585919677197,15.2
220,2,86.66374134730094,0.9522067303439588,0.0,0.8935601768521227,0.0,0.0,3.418605306042111,15.3
221,2,81.68243250173803,0.951185315328741,0.0,0.909110780785916,0.0,0.0,3.423167347446432,15.3
222,2,81.27476526890881,0.9516715615074784,0.0,0.8448775927997062,0.0,0.0,3.4604410475257987,15.2
223,2,72.94644216634481,0.9516352846843404,0.0,0.9035017347468479,0.0,0.0,3.476928815186788,15.2
224,2,88.47384306417331,0.9512859548457812,0.0,0.9297186962816716,0.0,0.0,3.4016778721510104,15.2
225,3,89.12502154139682,0.9506314379609233,0.0,0.8190032738092751,0.0,0.0,3.465133168900051,15.4
226,3,106.90324117115894,0.9506332638895698,0.0,0.8206728657971377,0.0,0.0,3.502128743732251,15.2
227,3,95.6336099115442,0.9512288651421162,0.0,0.831448787126251,0.0,0.0,3.4570401385515113,15.3
228,3,107.41692623894237,0.950325241640141,0.0,0.8542126367266152,0.0,0.0,3.4993134740252105,15.2
229,3,108.78941443622311,0.9500562637188775,0.0,0.8634481115699919,0.001388888888888889,0.7413914841513344,3.5461703322210463,15.3
230,3,93.35982614269462,0.9515901945004971,0.0,0.8892174181701642,0.0,0.0,3.4374984057277684,15.4
231,3,93.001852384856,0.9502020364053251,0.0,0.809705456462838,0.0,0.0,3.4735181163981466,15.2
232,3,104.5135131482956,0.9502349300532792,0.0,0.7658312003487426,0.0020833333333333333,0.0,3.488872871917289,15.3
233,3,83.9302910527984,0.950465137672368,0.0,0.8117767312628168,0.0,0.0,3.451061760108538,15.2
234,3,88.43464530306731,0.9539276021564848,0.0,0.8201020934887375,0.0,0.0,3.420008264554423,15.5
235,3,95.2894472520999,0.9505505734297578,0.0,0.8605960025608543,0.0,0.0,3.461519919651113,15.2
236,3,99.5360060233923,0.9505280365816678,0.0,0.8689784976466395,0.0,0.0,3.4861696241866524,15.3
237,3,88.53816085517487,0.952381401064942,0.0,0.8631785252424085,0.0,0.0,3.4609095858515024,15.4
238,3,89.41437533039975,0.9524580502650984,0.0,0.8252624470272685,0.0,0.0,3.4952832512385945,15.7
239,3,96.69974321348585,0.9519117486802958,0.0,0.8253991202385552,0.0,0.0,3.49021754716317,15.9
240,3,100.68969969607164,0.9520801813266171,0.0,0.872662499451828,0.0,0.0,3.4501246877588527,15.6
241,3,94.80802739874593,0.9511716182782541,0.0,0.8778288799343984,0.0,0.0,3.4532022614038675,15.7
242,3,98.04952814881746,0.9502383209929278,0.0,0.8366156996565202,0.0,0.0,3.483724811277441,15.6
243,3,95.76579935027165,0.9510053729708253,0.0,0.7681112572360016,0.0006944444444444445,0.0,3.50111432112967,15.6
244,3,107.48981862445368,0.9500639559025827,0.0,0.8084217024477854,0.0006944444444444445,0.0,3.5019970926209587,15.6
245,3,98.10273483133382,0.9505687706850146,0.0,0.771936994024716,0.0,0.0,3.446237680056518,15.7
246,3,84.03764682527415,0.9515892409039514,0.0,0.7953662097995936,0.0,0.0,3.4086553094876377,15.8
247,3,99.44446311349282,0.9533720532181319,0.0,0.8343378452111617,0.0,0.0,3.481224366817086,15.7
248,3,109.60978344637208,0.9500083855692408,0.0,0.8327822387649002,0.0020833333333333333,0.0,3.4827275172842964,16.0
249,3,106.52018144538211,0.9503809747207109,0.0,0.7719107132795803,0.0020833333333333333,0.0,3.5576882917602126,15.8
250,3,129.5393674100673,0.9500124135621248,0.0,0.8716190831540563,0.002777777777777778,0.0,3.4996110866074552,15.8
251,3,93.46658748638718,0.9514006985992636,0.0,0.7215742800211988,0.0006944444444444445,0.0,3.506030589828428,15.5
252,3,106.99611816672854,0.9505475968081561,0.0,0.8484355779144783,0.0,0.0,3.49315541837262,15.7
253,3,105.56172428375608,0.9507500513578355,0.0,0.8240689664778739,0.0006944444444444445,0.5759372394948689,3.490420163046787,15.5
254,3,93.69610603580489,0.9510621775855941,0.0,0.8319974386321953,0.0006944444444444445,0.0,3.541043801903603,15.4
255,3,96.00716842041695,0.9504285758047687,0.0,0.8267083003537741,0.0,0.0,3.479227719932457,15.4
256,3,107.93223540315505,0.951004376611061,0.0,0.8819986936797604,0.0006944444444444445,0.0,3.573669307238459,15.7
257,3,100.78495419221085,0.9531168892905295,0.0,0.802526276074417,0.0,0.0,3.4443464337375174,16.0
258,3,102.62336651246638,0.9502984503629203,0.0,0.7797062603316346,0.0,0.0,3.5097525095266557,15.9
259,3,120.60916978571062,0.9502150299816922,0.0,0.8531509757642334,0.003472222222222222,0.0,3.4822109473989658,15.9
260,3,116.66537292200485,0.951043086880158,0.0,0.8475066369206317,0.0,0.0,3.4845117613346748,15.8
261,3,101.60024024889516,0.950003895697514,0.0,0.840742890970571,0.0,0.0,3.4539725668779777,16.0
262,3,114.49365641122077,0.9510838908721625,0.0,0.8616799337381925,0.0,0.0,3.4926001037581074,15.8
263,3,91.40385054066242,0.95170033003901,0.0,0.8047353985094368,0.0,0.0,3.4567720998171043,15.8
264,3,96.35701681691184,0.9506410352632039,0.0,0.7904012907429498,0.0006944444444444445,0.0,3.4354295643993353,15.8
265,3,119.90164692585462,0.9501818263983527,0.0,0.8800015484840821,0.004166666666666667,0.7539753208658421,3.5581090787283336,15.6
266,3,101.72632994130788,0.9516120380901655,0.0,0.850899993642786,0.0,0.0,3.449581753833663,15.8
267,3,102.9987828139997,0.9521785417876355,0.0,0.8648102439492144,0.0,0.0,3.4510591977249274,15.4
268,3,110.2154111569743,0.9511739606542435,0.0,0.9147588150404943,0.0,0.0,3.4798394929112244,15.4
269,3,110.05095488929426,0.952245803613473,0.0,0.8375241701017904,0.0,0.0,3.4487489001590745,15.4
270,3,102.46457076553406,0.9524729844277364,0.0,0.838336144947353,0.0,0.0,3.449035876640798,15.7
271,3,96.08904475730883,0.9521211444508283,0.0,0.8319889162952923,0.0,0.0,3.4700509079877153,15.8
272,3,103.24581108924237,0.9507286834657782,0.0,0.8567835187669967,0.0,0.0,3.47774750390433,15.8
273,3,89.81343962141602,0.9523346473202348,0.0,0.8051099676400734,0.0,0.0,3.452997003320121,15.8
274,3,95.05591386282758,0.9525754549853167,0.0,0.7967218035451832,0.0,0.0,3.4482541239382543,15.5
275,3,112.64163023391157,0.9513601687027553,0.0,0.9026096104832779,0.0006944444444444445,0.0,3.535704777424923,15.8
276,3,82.1240681059093,0.9510088891724777,0.0,0.841639800394571,0.0006944444444444445,0.0,3.5017092347564462,15.6
277,3,86.81377242489023,0.9538159452490087,0.0,0.8385964545869987,0.0,0.0,3.440648025578042,15.7
278,3,96.82019392953725,0.9512246687492283,0.0,0.8056221337981095,0.0,0.0,3.4494580704271915,15.6
279,3,87.67120846245544,0.9516819802519407,0.0,0.7735345455661099,0.0,0.0,3.418590130236719,15.8
280,3,100.21320188118312,0.9500772891653061,0.0,0.8109517611452592,0.0006944444444444445,0.0,3.482467123158316,15.7
281,3,105.55654214614042,0.9527967409250016,0.0,0.8170217111930496,0.0,0.0,3.4925926216721495,15.7
282,3,94.10725509300386,0.9532398502766308,0.0,0.8040171843585096,0.0,0.0,3.4298896609058014,15.7
283,3,93.09415686463811,0.9540213820221037,0.0,0.8651436048870698,0.0,0.0,3.443856923090657,15.5
284,3,102.79425255490347,0.9508135540039929,0.0,0.741965116022867,0.0006944444444444445,0.0,3.497294051943738,15.8
285,3,98.6443382023965,0.9507452257306397,0.0,0.802402115921003,0.0,0.0,3.4444461336737673,15.6
286,3,99.70649143017356,0.9521416276141106,0.0,0.7266533149899689,0.0,0.0,3.449284754706468,15.6
287,3,96.58073273508329,0.9502945440269752,0.0,0.8185981941771048,0.0006944444444444445,0.0,3.4976635165483136,15.7
288,3,113.65784858800045,0.9518662085021627,0.0,0.8289200620094491,0.0,0.0,3.4660687228826306,15.8
289,3,117.55015048767147,0.9511125426136834,0.0,0.8475252587024875,0.0006944444444444445,0.0,3.5143165098292233,15.7
290,3,113.46733326443189,0.9521132471563236,0.0,0.7884648203583341,0.0,0.0,3.470517478822826,15.7
291,3,98.73868198330166,0.9515092427284155,0.0,0.8237791879794809,0.0,0.0,3.4600567972282406,15.5
292,3,99.02282370491746,0.9520138592084462,0.0,0.9015821531146283,0.0,0.0,3.437411758985088,15.6
293,3,114.99369468272889,0.9500070679913364,0.0,0.855659952025082,0.014583333333333334,0.0,3.493988007293891,16.4
294,3,110.03140967675839,0.9502000955949398,0.0,0.8700789469951271,0.0,0.0,3.452629689233272,15.7
295,3,102.60775513392973,0.9501964879269782,0.0,0.8248975053868646,0.0006944444444444445,0.0,3.4776770795587444,15.5
296,3,111.1265202350631,0.9506455660959204,0.0,0.8562571297027773,0.0,0.0,3.4804654000828794,15.6
297,3,110.46388335402585,0.9513368159482807,0.0,0.791637307058715,0.0,0.0,3.490532226535796,15.8
298,3,108.28596144312755,0.9519207469406064,0.0,0.7757905780474207,0.0,0.0,3.4801460943781914,15.6
299,3,104.51343617838394,0.9506716513207443,0.0,0.825828893772112,0.0,0.0,3.478164565395992,15.6
300,3,118.09474580595868,0.9505589556842807,0.0,0.8517642479282557,0.0,0.0,3.535571871467864,15.6
301,3,98.05730315363408,0.9522917379279426,0.0,0.8134395129316809,0.0,0.0,3.4435567097450295,15.7
302,3,102.07371063527104,0.9501754670550663,0.0,0.8207650466789036,0.0,0.0,3.4627995643990492,15.9
303,3,99.83283003148226,0.9517609391023936,0.0,0.8585580182178435,0.0,0.0,3.4258873734744864,15.5
304,3,103.49435081904271,0.9529221894650844,0.0,0.7592446565065183,0.0,0.0,3.400735920843544,15.6
305,3,96.53361698025337,0.952972694254758,0.0,0.8137887620165841,0.0,0.0,3.4311097587042068,15.6
306,3,111.967294776545,0.9505703062720625,0.0,0.8368172957400811,0.002777777777777778,0.0,3.5133947604751836,16.0
307,3,111.41464662035784,0.9510024525638338,0.0,0.8025868527551462,0.0006944444444444445,0.0,3.5700149270190207,15.5
308,3,131.5470626190528,0.9501662799733291,0.0,0.8800499915305985,0.008333333333333333,0.0,3.5241818947353534,15.9
309,3,116.56052032599702,0.9516366584221008,0.0,0.8183841290639561,0.0,0.0,3.472060202863903,15.6
310,3,113.11791563667477,0.9503176535322556,0.0,0.748653356750832,0.0,0.0,3.458258731167251,15.9
311,3,98.91463192570524,0.9518660198420525,0.0,0.7772048476360814,0.0,0.0,3.4847133987510777,15.7
312,3,85.90805387988662,0.9520239630702723,0.0,0.7859928740029192,0.0,0.0,3.413473129325596,15.5
313,3,93.16838403108545,0.9528770051324651,0.0,0.7793685542547614,0.0,0.0,3.405108130480649,15.6
314,3,103.86508716852578,0.9518951412064847,0.0,0.863739280742677,0.0,0.0,3.4418071897542797,15.7
315,3,102.14173023948354,0.952586409105546,0.0,0.8285552483411601,0.0,0.0,3.451734361425497,15.4
316,3,103.95610375223433,0.9503555917810755,0.0,0.8632767275010951,0.0006944444444444445,0.0,3.5003915011024533,15.4
317,3,109.0244421333079,0.9500852560359762,0.0,0.8308126909838646,0.0,0.0,3.487815381867356,15.4
318,3,97.72464051209373,0.9515674792566258,0.0,0.8317884901709278,0.0,0.0,3.441163977990863,15.5
319,3,112.41501459188129,0.9500918469559886,0.0,0.7970160334204142,0.0006944444444444445,0.0,3.4851966301332067,15.7
320,3,111.58992890288118,0.950697373838979,0.0,0.8677141921181741,0.0006944444444444445,0.0,3.5192331572123163,15.5
321,3,97.09578798323736,0.9524804378427462,0.0,0.859188053218607,0.0,0.0,3.416107628350164,15.5
322,3,115.19241384209336,0.9501073371281809,0.0,0.8311891026995868,0.001388888888888889,0.0,3.495700959413386,15.3
323,3,102.27422114679494,0.9504255082813078,0.0,0.8547807560967441,0.0006944444444444445,0.0,3.4910802836964607,15.4
324,3,95.25454909179271,0.9520341972640317,0.0,0.8058860025355948,0.0,0.0,3.4398586074939277,15.4
325,3,102.88735046050049,0.9501296964552414,0.0,0.8393185152595828,0.004166666666666667,0.6475842784586072,3.5197211084326065,15.7
326,3,104.89756850730552,0.9508759007398031,0.0,0.8240005962029134,0.0,0.0,3.4928760697178176,15.4
327,3,121.37437762363369,0.9500130936693297,0.0,0.8683733492673583,0.006944444444444444,0.0,3.5285163105258155,15.8
328,3,118.15920130615311,0.9501934524433622,0.0,0.8809437439884975,0.015277777777777777,0.0,3.49150036772525,16.3
329,3,99.30140139501161,0.9510798102075302,0.0,0.8021701581011396,0.0,0.0,3.51149355396174,15.6
330,3,113.39187004440998,0.9502394583795771,0.0,0.8049203756403255,0.0006944444444444445,0.0,3.4810699010608546,15.5
331,3,92.3392227709779,0.950042879623574,0.0,0.7294625593101972,0.0,0.0,3.5072750778373063,15.5
332,3,113.46352182196438,0.950275206861264,0.0,0.8946174499776756,0.002777777777777778,0.0,3.507365030727772,15.8
333,3,93.3083544265458,0.9510252353494406,0.0,0.7185735289275175,0.0,0.0,3.4746573021597085,15.4
334,3,98.44328370459597,0.9513243482138937,0.0,0.7399081786975248,0.0,0.0,3.4457816268916384,15.5
335,3,87.13069747999988,0.9525784669869415,0.0,0.8229312720260316,0.0,0.0,3.4524883515489044,15.5
336,3,78.33731051417075,0.9533678938180835,0.0,0.7739263496582576,0.0,0.0,3.398689400034789,15.6
337,3,96.69283406034127,0.9501021128315139,0.0,0.8458238494104869,0.0,0.0,3.4839318627273292,15.5
338,3,100.29975005730402,0.9501485867794739,0.0,0.8264614168309609,0.0006944444444444445,0.0,3.4415191016797047,15.5
339,3,73.52575111141121,0.9535186195355254,0.0,0.7896163627541873,0.0,0.0,3.4099687466190716,15.5
340,3,102.5928941706312,0.9504193049889617,0.0,0.8209996038446364,0.0006944444444444445,0.0,3.498677367174947,15.3
341,3,84.53221465626952,0.9519202432631377,0.0,0.7674011195814641,0.0,0.0,3.408649907955373,15.5
342,3,98.93277626016534,0.9520855138632968,0.0,0.7767184182900181,0.0,0.0,3.492323541815073,15.5
343,3,92.95927338813662,0.9506416338062533,0.0,0.7908301643903505,0.0,0.0,3.4586443869603816,15.5
344,3,113.91285600234161,0.9500006115567255,0.0,0.8961212901692068,0.009722222222222222,0.0,3.5354666628467943,15.7
345,3,96.48728022780386,0.9524053021227677,0.0,0.8004300490086389,0.0,0.0,3.46867979394365,15.7
346,3,84.79324068745136,0.9513922654889122,0.0,0.8574979210857891,0.0,0.0,3.4607835540830516,15.5
347,3,88.23382023300006,0.9515181136356649,0.0,0.796354274931883,0.0,0.0,3.495571094984558,15.3
348,3,86.25949860450955,0.9530689284472429,0.0,0.7789658459090122,0.0,0.0,3.4544487401476496,15.3
349,3,92.26021872554684,0.9517897089654762,0.0,0.7694735654535112,0.0,0.0,3.441576051665193,15.5
350,3,100.28646885263383,0.9512314350866917,0.0,0.8774106450840435,0.0,0.0,3.4596242913475312,15.6
351,3,108.57666064671267,0.9504110126927581,0.0,0.8326605992971281,0.001388888888888889,0.0,3.47275011576058,15.5
352,3,97.28825128185136,0.950161469604858,0.0,0.777235636549596,0.008333333333333333,0.0,3.467628671167085,15.7
353,3,90.75286564405836,0.9520454077566818,0.0,0.844430133502405,0.0,0.0,3.451533558048519,15.8
354,3,83.77302383870578,0.952345929373542,0.0,0.7954447029037814,0.0,0.0,3.4194539868301512,16.0
355,3,91.21410948900937,0.9500384338552553,0.0,0.8343866792227782,0.0006944444444444445,0.0,3.4308176197346967,15.8
356,3,89.31361197726923,0.9500163528616433,0.0,0.8038486924321356,0.0006944444444444445,0.0,3.466984624828212,15.8
357,3,108.36553951125377,0.9501882484362357,0.0,0.8788393582593946,0.0020833333333333333,0.0,3.4826042001003645,15.8
358,3,114.90232092282476,0.9501028093989338,0.0,0.8816113223725859,0.009027777777777777,0.7518468347502737,3.5456301169166258,16.2
359,3,91.37370807176949,0.9534038300763669,0.0,0.8370637782260271,0.0,0.0,3.4503512194640877,15.9
360,3,103.9083323706347,0.9518179298064613,0.0,0.8861055349898382,0.0,0.0,3.4768774264190467,15.9
361,3,90.67502001289944,0.950787035120481,0.0,0.8294011090042753,0.0,0.0,3.4431803551510893,15.8
362,3,81.45003453873522,0.951164827913205,0.0,0.7696650149287543,0.0,0.0,3.4501314909359375,15.7
363,3,115.66630293683802,0.9505034783751483,0.0,0.8417291797425155,0.0,0.0,3.512031830689734,15.9
364,3,94.11227753347417,0.9500845258245728,0.0,0.8551659007764898,0.001388888888888889,0.0,3.4782150462449652,15.9
365,3,98.90234828807782,0.9506860408755732,0.0,0.7817916463535978,0.0,0.0,3.4465779393068656,15.9
366,3,103.18324126926727,0.9501100244058636,0.0,0.7960530163876937,0.0006944444444444445,0.0,3.4636768771093114,15.9
367,3,101.91549777381036,0.9504665282171411,0.0,0.8647521669765337,0.0,0.0,3.471666521073628,15.5
368,3,87.22160085204584,0.9505768039899609,0.0,0.8071904250060921,0.0,0.0,3.4438299429344057,15.9
369,3,95.0811357244154,0.9527076235137313,0.0,0.8787089301513862,0.0,0.0,3.4534541108458106,15.6
370,3,119.25592392428968,0.9505425766461795,0.0,0.8855350717151376,0.001388888888888889,0.0,3.5138289609860176,15.5
371,3,98.40492167669909,0.9503846889321644,0.0,0.7919770383650867,0.0006944444444444445,0.0,3.4984855209680434,15.7
372,3,113.9775676611677,0.9504003847470195,0.0,0.8767326855572759,0.0,0.0,3.5279472560536553,15.7
373,3,89.95126982759261,0.9505637653312179,0.0,0.8695923456979444,0.0,0.0,3.5180077711902125,15.6
374,3,107.19781132374705,0.9502141037612687,0.0,0.8338063666770535,0.003472222222222222,0.0,3.488198883941288,15.5
375,3,108.2879744183706,0.9505316679251894,0.0,0.8275753980726458,0.0006944444444444445,0.0,3.5064300958313512,15.6
376,3,101.73224431535253,0.9500110460200267,0.0,0.7572473233561008,0.004166666666666667,0.0,3.4722917060174465,15.7
377,3,114.91108078305155,0.9505982470994454,0.0,0.8560992785600945,0.0020833333333333333,0.0,3.5342644683973026,15.9
378,3,101.16444582908603,0.9503370944225821,0.0,0.7449151840583542,0.0,0.0,3.5406123097004776,15.8
379,3,108.25122589328723,0.9500599515931581,0.0,0.9175198538134838,0.0006944444444444445,0.0,3.508668195539734,15.8
380,3,105.60608420175483,0.9507873649803149,0.0,0.8488176212391341,0.0,0.0,3.4980849774733986,15.6
381,3,100.84411989122283,0.9506247450108497,0.0,0.8536724489517434,0.0,0.0,3.4808458889591463,15.8
382,3,119.8225616755425,0.9503754088896005,0.0,0.81632650194636,0.005555555555555556,0.6476388060946303,3.4906584267942615,15.7
383,3,96.50499927838968,0.9503131492128397,0.0,0.8202240523366409,0.001388888888888889,0.0,3.5164838191241694,15.7
384,3,110.07738469195915,0.9500661761245048,0.0,0.8551058924162553,0.004861111111111111,0.0,3.480164533541831,15.8
385,3,111.39759319428613,0.9503443385502407,0.0,0.7642074133500596,0.0020833333333333333,0.0,3.5257932993372814,15.8
386,3,102.99407564006403,0.9500390446939531,0.0,0.8431921908462282,0.003472222222222222,0.0,3.5133188011950924,16.1
387,3,102.72157759651869,0.951661701922278,0.0,0.8181545963435344,0.0,0.0,3.474604698262079,15.8
388,3,109.56428181990974,0.9506813334365726,0.0,0.7965841258212505,0.0,0.0,3.5188218971824248,15.7
389,3,96.99171673265154,0.9516643409291937,0.0,0.786741732531645,0.0,0.0,3.4781211180290788,15.6
390,3,91.80143229768547,0.950548650092465,0.0,0.7943500433977441,0.0,0.0,3.524830511940337,15.9
391,3,121.11476450643944,0.9500500187050007,0.0,0.8411510861885857,0.003472222222222222,0.0,3.5046077006350917,15.6
392,3,108.49123785704523,0.9513466960827369,0.0,0.8551484819070562,0.0,0.0,3.4813198775684615,15.6
393,3,119.15704399949759,0.9505037851136022,0.0,0.8762760512888349,0.0,0.0,3.4851113547980823,15.5
394,3,105.6334036830882,0.9508149242962993,0.0,0.7874832892807421,0.0,0.0,3.503712317642298,15.5
395,3,127.87869071967357,0.9506883991318473,0.0,0.7987929614005839,0.0020833333333333333,0.0,3.515739307882262,15.8
396,3,113.3817411258503,0.950225135986997,0.0,0.8230991066122423,0.0,0.0,3.4881339485581986,15.5
397,3,140.77328306466956,0.9500289998279591,0.0,0.8752344014042257,0.015277777777777777,0.0,3.5736095207227074,15.8
398,3,89.6248090666489,0.9514895173586049,0.0,0.797623363532247,0.0,0.0,3.448523484750156,15.4
399,3,109.93945598992387,0.9515114304389536,0.0,0.8626573309945991,0.0,0.0,3.4740710540550617,15.6
400,3,107.09305954537105,0.950020130161935,0.0,0.8034673774231796,0.0,0.0,3.462106883365451,15.3
401,3,100.3423930073424,0.952092312518115,0.0,0.8506933575414025,0.0,0.0,3.4768226662978408,15.2
402,3,101.82862585986152,0.9501732343519693,0.0,0.8713661007082447,0.002777777777777778,0.0,3.486711360188515,15.4
403,3,116.78355964340946,0.9504860889114922,0.0,0.8468772886879289,0.0006944444444444445,0.0,3.5609657316137597,15.3
404,3,95.0643021155587,0.9515689394737414,0.0,0.8632616066622502,0.0,0.0,3.465626366352347,15.5
405,3,105.54266006797774,0.951059088641655,0.0,0.8130719070264887,0.0006944444444444445,0.0,3.4966240998655618,15.3
406,3,92.41484392862057,0.9524462450686721,0.0,0.8559018132093784,0.0,0.0,3.436903021843093,15.3
407,3,96.69722885809162,0.9521525143615884,0.0,0.8532233061484956,0.0,0.0,3.4469867813164004,15.3
408,3,92.53445277557216,0.9529189093043252,0.0,0.8455533883526867,0.0,0.0,3.452697044066056,15.5
409,3,86.84673812951897,0.9507874857393406,0.0,0.7910216404158301,0.0,0.0,3.5039908476460364,15.3
410,3,103.37084025518932,0.9502608533223861,0.0,0.8329287802957275,0.0020833333333333333,0.0,3.4422785754776437,15.3
411,3,80.82238290484774,0.952304107241804,0.0,0.7837958758041605,0.0,0.0,3.4318733906450913,15.3
412,3,100.05737639960658,0.9528834716160557,0.0,0.8366375863613321,0.0,0.0,3.4288714449538977,15.3
413,3,106.3451183958742,0.9501200764120078,0.0,0.8364451333730749,0.0020833333333333333,0.0,3.508126812916177,15.5
414,3,96.42515749072585,0.9514306836401948,0.0,0.8407669080735023,0.0,0.0,3.46346551858667,15.3
415,3,103.49366894158578,0.951140080838451,0.0,0.8404671733416889,0.0006944444444444445,0.0,3.502074192989312,15.3
416,3,89.49758544223356,0.9514688265086785,0.0,0.864222548343542,0.0,0.0,3.407115938764162,15.4
417,3,94.05569175594823,0.9526085937106791,0.0,0.8617087681379181,0.0,0.0,3.425348114429706,15.6
418,3,111.06858556710164,0.9502675556722117,0.0,0.800889966771391,0.0,0.0,3.4474077487910244,15.5
419,3,92.09968291222039,0.9507793469516024,0.0,0.7388741324978167,0.0,0.0,3.47685360087437,15.4
420,3,102.70491498361865,0.9500672328964473,0.0,0.755542595917071,0.0006944444444444445,0.0,3.4727111122620227,15.5
421,3,118.43119890890732,0.9501291424835538,0.0,0.8429594244981384,0.0,0.0,3.4786585670882344,15.3
422,3,106.77993884135637,0.9508928442225482,0.0,0.8810616330486664,0.0,0.0,3.4660796084839625,15.6
423,3,95.01014665017478,0.9504810822266095,0.0,0.7917154646888215,0.001388888888888889,0.0,3.463308288079633,15.5
424,3,101.39562484677624,0.9526448914714142,0.0,0.833828592588113,0.0,0.0,3.4456689255017965,15.3
425,3,113.00030925216168,0.9502392454299738,0.0,0.8590738009302449,0.002777777777777778,0.0,3.511342979740629,15.6
426,3,99.24285073614953,0.952196710656745,0.0,0.8634855925394533,0.0,0.0,3.4856851354608835,15.7
427,3,95.30882165244464,0.9508233371067216,0.0,0.8936481910921384,0.0006944444444444445,0.0,3.5201142223516797,15.5
428,3,146.6178777722221,0.9500272572804124,0.0,0.8496088352000667,0.0125,0.0,3.5518983025983384,15.9
429,3,97.88618540534915,0.9529608333726475,0.0,0.7494188555042468,0.0,0.0,3.3959366552459302,15.5
430,3,106.13069503231175,0.9502535950289662,0.0,0.7705939455764692,0.0006944444444444445,0.0,3.500724545698696,15.7
431,3,109.22169593546757,0.9500952571812843,0.0,0.8026311873634565,0.001388888888888889,0.0,3.4750204644193077,15.4
432,3,99.3532293221689,0.9503200419769249,0.0,0.7748715948149616,0.0,0.0,3.507083650894853,15.5
433,3,106.07490921162196,0.9500036334336559,0.0,0.849902751089709,0.0,0.0,3.4636976469398233,15.5
434,3,99.88672591772553,0.9512158239266859,0.0,0.8317303900974795,0.0,0.0,3.499626890036574,15.7
435,3,86.57568090829716,0.9518726435583031,0.0,0.6734574556012536,0.0,0.0,3.445976641900803,15.4
436,3,113.79377902221835,0.9500692353135182,0.0,0.9134679209253841,0.003472222222222222,0.0,3.509789448352873,15.3
437,3,97.20362182339922,0.951409869614562,0.0,0.8709956125462598,0.0,0.0,3.431823896447698,15.3
438,3,95.83594448124107,0.950945467309295,0.0,0.8552774517773394,0.0006944444444444445,0.0,3.463290770580463,15.2
439,3,118.47931226158957,0.9502366286836398,0.0,0.8730642644321098,0.0,0.0,3.4765219513442713,15.5
440,3,113.75986822166006,0.9503223658185536,0.0,0.8810383430489458,0.0006944444444444445,0.0,3.5058144963532896,15.3
441,3,77.85205649136553,0.9515110004635117,0.0,0.7993814261603551,0.0,0.0,3.41095600745474,15.3
442,3,102.02704020725393,0.9509017342735615,0.0,0.8704827430852052,0.0,0.0,3.472112128778129,15.5
443,3,91.05652034024159,0.9506011603915344,0.0,0.7792831739985285,0.0,0.0,3.4831684706665986,15.5
444,3,86.5279624715825,0.9502869436590731,0.0,0.8515221189888234,0.0,0.0,3.466799852071259,15.8
445,3,116.86365866611602,0.9500336954232258,0.0,0.8530809901147122,0.0006944444444444445,0.0,3.528580043268278,15.6
446,3,93.21834205220804,0.9517804116992746,0.0,0.8109242835817477,0.0,0.0,3.4867729766280466,15.5
447,3,108.24170808625539,0.9512022571579478,0.0,0.7516927045693482,0.0,0.0,3.4736600020838835,15.7
448,3,79.7003939770071,0.9513315945657888,0.0,0.8307041145735351,0.0,0.0,3.4590926543131695,15.8
449,3,122.92759257688566,0.9504530904799761,0.0,0.8529998427445643,0.0,0.0,3.495204334350146,15.6
450,3,102.36145380225582,0.9507883829217705,0.0,0.8324463183978295,0.0006944444444444445,0.0,3.5224006857515597,15.6
451,3,93.08963816083369,0.9514325861529511,0.0,0.8628292379139957,0.0,0.0,3.458490929146018,15.7
452,3,97.0992294214436,0.9501012896360396,0.0,0.866853724180253,0.004166666666666667,0.0,3.483502683323199,15.8
453,3,95.78837336901276,0.9505192937836067,0.0,0.8451420666827983,0.0,0.0,3.4278636654366688,15.8
454,3,109.56340526909283,0.9513901177681592,0.0,0.7298513366752408,0.0,0.0,3.448438883143163,15.6
455,3,104.82626094915634,0.9509095047906123,0.0,0.8028459449849665,0.0,0.0,3.441736671823277,15.6
456,3,106.00031991295337,0.9500414311927842,0.0,0.8467823016973672,0.0020833333333333333,0.0,3.4760354504660325,15.8
457,3,82.59619635386746,0.950679044178107,0.0,0.8131370278042616,0.0,0.0,3.4880443607548477,16.0
458,3,93.94393216646847,0.9513416246807368,0.0,0.7852656261744931,0.0,0.0,3.450731425056548,15.7
459,3,109.18252967483302,0.9510382917094353,0.0,0.8726481742172553,0.0,0.0,3.441875458260392,15.9
460,3,103.84999895935162,0.9509603124489077,0.0,0.7965124394203388,0.0,0.0,3.4632909026431675,15.8
461,3,81.85336205418255,0.9527524110123766,0.0,0.8300277996713956,0.0,0.0,3.379511127293699,15.8
462,3,84.99031375385282,0.9523236456889717,0.0,0.8061840798961581,0.0,0.0,3.429814745978974,15.9
463,3,95.4939375712973,0.9515088291024079,0.0,0.8172376011984673,0.0,0.0,3.4536089086857036,15.6
464,3,107.57154667792065,0.950419988524968,0.0,0.799069560186713,0.0,0.0,3.4913983546646468,15.6
465,3,92.36185654561942,0.950954429611938,0.0,0.8487655095299722,0.0,0.0,3.44026075611485,15.7
466,3,110.92632215087261,0.9500808634184968,0.0,0.8603225610053548,0.002777777777777778,0.0,3.50177081226307,16.0
467,3,109.70273006027942,0.950158369817758,0.0,0.8535804536802507,0.0006944444444444445,0.0,3.535251636124326,15.7
468,3,103.39484402498908,0.9505754410498259,0.0,0.8368093367531951,0.0,0.0,3.4612296583801774,15.7
469,3,98.79741571553376,0.950151758790736,0.0,0.7947024449113559,0.0,0.0,3.455984258769271,15.7
470,3,111.258825744582,0.9503948121313542,0.0,0.8980510579044592,0.0006944444444444445,0.0,3.5011419879741648,15.7
471,3,98.61441329194885,0.9530713213483386,0.0,0.9023770393613026,0.0,0.0,3.452509679163398,15.9
472,3,103.52504740766095,0.9521996303850001,0.0,0.7818880931449571,0.0,0.0,3.4392999773064656,15.5
473,3,107.59477169998878,0.9530785224134262,0.0,0.843121626380654,0.0,0.0,3.4746161851349653,15.8
474,3,81.24511911104013,0.9529802874180413,0.0,0.8101289801483798,0.0,0.0,3.4269101603932413,15.6
475,3,94.88258869929345,0.9527111908696426,0.0,0.848916901232544,0.0,0.0,3.4432604267877247,15.9
476,3,101.83131431916456,0.9506197906463135,0.0,0.9041420002093391,0.0,0.0,3.4744304924982927,15.5
477,3,87.7987215728162,0.9516160828126774,0.0,0.8688102937121939,0.0,0.0,3.490354767232221,15.6
478,3,119.02581588926712,0.9500177937576717,0.0,0.8552055461540065,0.001388888888888889,0.0,3.540251404960386,15.6
479,3,101.75641605904111,0.9500670136712992,0.0,0.835689456842717,0.0006944444444444445,0.0,3.435975158601735,15.8
480,3,86.70979140580177,0.9521262352396278,0.0,0.7605078695062352,0.0,0.0,3.455244099786094,16.1
481,3,104.38210793697503,0.950413350149268,0.0,0.8490053730540309,0.0,0.0,3.4846328531163264,15.5
482,3,88.2932271023103,0.9522305137833122,0.0,0.7411238119587225,0.0,0.0,3.456402487993836,15.5
483,3,84.38470149051977,0.9518128801690858,0.0,0.8139004256692238,0.0,0.0,3.4340737124762915,15.5
484,3,114.48092613152387,0.9513236733978996,0.0,0.8395140689994519,0.0,0.0,3.4932431628707428,15.6
485,3,101.68119013851951,0.9507505190096266,0.0,0.85605165739479,0.0,0.0,3.425757473611088,15.4
486,3,104.21263440950207,0.9502750927638371,0.0,0.7782601631431614,0.0,0.0,3.5050624403630586,15.4
487,3,98.94761570295789,0.950119327108503,0.0,0.8649328975413435,0.0,0.0,3.4790475496210163,15.7
488,3,102.32040732958954,0.9502792278614361,0.0,0.8669060650843167,0.0,0.0,3.4879062005536694,15.7
489,3,103.04411243084488,0.9504708197962329,0.0,0.7969760464532415,0.001388888888888889,0.0,3.4830835616665987,15.6
490,3,122.23702516530096,0.9502982568766164,0.0,0.9129266817494476,0.0125,0.6551028932005697,3.515802834840791,15.9
491,3,96.00241081114554,0.9520273657671452,0.0,0.8353195114691678,0.0,0.0,3.4568673447084293,15.4
492,3,115.2330234760344,0.9509516750933639,0.0,0.8517514470501734,0.001388888888888889,0.0,3.477959696856901,15.5
493,3,122.20053517153752,0.9500918274820902,0.0,0.8544635736156115,0.011111111111111112,0.0,3.549433068881146,15.9
494,3,83.03954717447671,0.9533750900495276,0.0,0.7885602691326195,0.0,0.0,3.43358789598129,15.6
495,3,107.07479196491168,0.951391182978542,0.0,0.8412678744838364,0.0,0.0,3.4335987278528166,15.8
496,3,110.04670621078074,0.9501105451752813,0.0,0.8530696608820834,0.0020833333333333333,0.6862168584757193,3.5061744794820084,15.8
497,3,90.6961033138522,0.9503102651524705,0.0,0.7589014440032292,0.0020833333333333333,0.0,3.5302612492771908,16.1
498,3,111.99360131392136,0.9503482143251585,0.0,0.8099610811330363,0.0020833333333333333,0.0,3.4688868119624106,15.7
499,3,103.05591504390834,0.9500529404020721,0.0,0.7543914582110332,0.0020833333333333333,0.0,3.434184458275791,15.7
500,3,79.41117312872979,0.9524573778039178,0.0,0.8122231727470227,0.0,0.0,3.455887787829608,15.6
501,3,92.21306579726757,0.9511221146707388,0.0,0.8459882704584588,0.0,0.0,3.4514703615608693,15.6
502,3,91.60387169877029,0.9535543318841793,0.0,0.8609894244781499,0.0,0.0,3.3708134964279974,15.8
503,3,124.73298564706377,0.9502461016195255,0.0,0.8257550408898952,0.001388888888888889,0.0,3.4919092637728637,15.6
504,3,103.11262542929059,0.9511899668442592,0.0,0.8575528625613161,0.0,0.0,3.456950118302137,15.6
505,3,88.98040797035593,0.9518019083198939,0.0,0.7894063050048127,0.0,0.0,3.452724558654078,15.5
506,3,114.92749990439181,0.9501073342886528,0.0,0.9145114060827576,0.007638888888888889,0.0,3.5142096498607134,15.9
507,3,100.00550752342498,0.9504359377702537,0.0,0.8365215304777528,0.0006944444444444445,0.0,3.5371209263799233,15.7
508,3,88.6586515372229,0.9510886194404119,0.0,0.8870256356650325,0.0,0.0,3.452798754399198,15.5
509,3,78.68748699079993,0.9527964531931385,0.0,0.8175231965139281,0.0,0.0,3.4563080213505413,15.4
510,3,89.82481485394966,0.9506564262571947,0.0,0.8575351026202311,0.0,0.0,3.443566821395218,15.3
511,3,92.1651333061243,0.9513796744290292,0.0,0.8539952909372204,0.0,0.0,3.4472010500573083,15.5
512,3,83.52031871619498,0.9526280375074822,0.0,0.8213335600784804,0.0,0.0,3.423854116688446,15.3
513,3,83.79296507029372,0.9518382899154328,0.0,0.7924389096657521,0.0,0.0,3.4782655494322885,15.4
514,3,96.99232970345645,0.9506178393843704,0.0,0.7951892108950676,0.00625,0.0,3.452599700090983,15.6
515,3,99.30398830712623,0.9503667621436269,0.0,0.8192312950328757,0.0,0.0,3.510654917071609,15.8
516,3,95.67030576351206,0.9508934459973325,0.0,0.7686934160905674,0.0,0.0,3.514086110321395,15.5
517,3,109.95868425586738,0.9501543182504828,0.0,0.8423554435637147,0.0020833333333333333,0.0,3.5253363567409073,15.5
518,3,106.34497382531087,0.9502353611197764,0.0,0.8390286515496351,0.003472222222222222,0.0,3.5076714727984974,15.6
519,3,114.4249233814376,0.9507750435236895,0.0,0.8747827771690255,0.0,0.0,3.507202507796247,15.5
520,3,97.04647063585786,0.9517042820543437,0.0,0.8794622063404341,0.0,0.0,3.4319475991775277,15.6
521,3,106.17154775477111,0.9501976845831007,0.0,0.8593292708077281,0.0,0.0,3.4972218585993646,15.4
522,3,81.01796961146103,0.9518163368061354,0.0,0.746784370102237,0.0,0.0,3.447426631089827,15.4
523,3,92.98680026588303,0.9517568708865178,0.0,0.8432380246309977,0.0,0.0,3.4407547067192503,15.4
524,3,87.62795042642688,0.9519494918481184,0.0,0.8705378724230972,0.0,0.0,3.4377936177956676,15.6
525,3,112.1131600880915,0.9519625991378207,0.0,0.9263656605945649,0.0,0.0,3.5046844231789525,15.6
526,3,91.62181238854394,0.950161855404735,0.0,0.8680228320433993,0.0,0.0,3.464130957504722,15.6
527,3,109.75051608658399,0.9501391906204245,0.0,0.8931219731698388,0.003472222222222222,0.0,3.482107244165229,15.5
528,3,113.8525589103384,0.9510116482242637,0.0,0.8750282885738573,0.0020833333333333333,0.0,3.548526232664121,15.5
529,3,109.7529488498769,0.9504444642719445,0.0,0.8534561776056439,0.0,0.0,3.4569150044044115,15.6
530,3,95.8011894233313,0.9514218751043962,0.0,0.8884130135579793,0.0,0.0,3.4285720594216107,15.5
531,3,96.29753571214438,0.9507644792467231,0.0,0.8517394167878403,0.0,0.0,3.4684103883652755,15.6
532,3,108.24245950679556,0.9513949664774027,0.0,0.8474852450183064,0.0,0.0,3.5306815711969723,15.4
533,3,107.67672090759447,0.9501041702444573,0.0,0.8340240588600879,0.0,0.0,3.5188168102529036,15.6
534,4,122.52638986376974,0.9501172695763814,0.0,0.849415093194045,0.0006944444444444445,0.0,3.5549994634285857,15.4
535,4,115.31680520071845,0.950037727145565,0.0,0.8829490974241984,0.001388888888888889,0.0,3.489643084705056,29.9
536,4,109.01825206059934,0.9506361967782253,0.0,0.8547087747975617,0.0,0.0,3.467351730139532,29.9
537,4,104.64771284804667,0.9512651803055168,0.0,0.8134094015109321,0.0,0.0,3.4674663355659097,29.7
538,4,120.67546617943009,0.9504881632939236,0.0,0.9027039043045885,0.00034722222222222224,0.0,3.490014928706393,30.0
539,4,99.94834897398736,0.9520384983568052,0.0,0.8132267305879697,0.0,0.0,3.4486397793166184,29.8
540,4,103.96099220882816,0.95014348354578,0.0,0.8798828944780468,0.0,0.0,3.4851148558065423,29.8
541,4,106.70911008792856,0.9517376531837108,0.0,0.8978797449253835,0.0,0.0,3.492511438245079,30.1
542,4,126.44724276460094,0.9523762646657559,0.0,0.9257149954037013,0.0,0.0,3.4646660841930674,29.9
543,4,122.20174270428298,0.9505607199440856,0.0,0.8651478317829688,0.0,0.0,3.4559885125908205,29.8
544,4,113.58951344699116,0.9500227518504021,0.0,0.8624962782229004,0.001736111111111111,0.0,3.50553704847552,29.9
545,4,118.40920567848521,0.9501522943639745,0.0,0.8867537223714617,0.00034722222222222224,0.0,3.4674034730051564,30.1
546,4,112.4420147428809,0.9522742017252359,0.0,0.8565851662313377,0.0,0.0,3.448957579383897,30.0
547,4,121.17609483803878,0.9502870871841507,0.0,0.8477567714450771,0.00034722222222222224,0.0,3.5298794046863318,29.9
548,4,112.82555147428656,0.9511194358738403,0.0,0.8883104410529719,0.00034722222222222224,0.0,3.5163354419178243,30.1
549,4,87.75393726370366,0.9532333445335135,0.0,0.8894406497436685,0.0,0.0,3.4136594273245384,30.0
550,4,93.36185461096649,0.9525790767359934,0.0,0.8251856915219055,0.0,0.0,3.4557615828908133,29.9
551,4,99.29093721124232,0.9521933631094036,0.0,0.9533875501909573,0.0,0.0,3.489644050254869,30.0
552,4,116.16782633259498,0.9506471410153231,0.0,0.9185838664051583,0.0010416666666666667,0.0,3.574620922800258,29.9
553,4,106.06031029021165,0.9502407830824632,0.0,0.8866003790126101,0.0010416666666666667,0.5040152964241716,3.5005317899008195,30.2
554,4,124.54330500834821,0.9500001342705419,0.0,0.9126478056656464,0.0024305555555555556,0.8377985764534653,3.5439564079278503,30.1
555,4,98.83441737297215,0.9506782312351091,0.0,0.9184021039167096,0.0,0.0,3.458067126556086,30.0
556,4,101.85863042083692,0.9541059022443449,0.0,0.8775396242430655,0.0,0.0,3.4089489044903716,30.2
557,4,119.73938596276942,0.9510606026142385,0.0,0.8820046500748266,0.0,0.0,3.4750654384461543,30.0
558,4,99.17825957538253,0.9518713631282015,0.0,0.8146284482251952,0.0,0.0,3.4748908798764933,30.1
559,4,104.69385495104848,0.9500740069520944,0.0,0.8923547695830232,0.0,0.0,3.496403243025088,30.1
560,4,83.05270110149465,0.9539638019977241,0.0,0.8650383318889353,0.0,0.0,3.383277934156124,30.3
561,4,97.79552482649744,0.9514765565974092,0.0,0.9381661934432015,0.0,0.0,3.484224862725832,30.1
562,4,97.21020771433928,0.9511096119039053,0.0,0.8467241338711753,0.0,0.0,3.4331526055429613,30.1
563,4,118.02086079522259,0.9509041381586769,0.0,0.8777083176166798,0.00034722222222222224,0.0,3.4770307589393123,30.4
564,4,107.86170132688515,0.9516517117327256,0.0,0.8941653880013329,0.0,0.0,3.5012408779220188,29.9
565,4,109.36155348179349,0.9522702085422865,0.0,0.8741320828963519,0.0,0.0,3.4744615836543753,29.7
566,4,100.47909421296869,0.9517882344161362,0.0,0.865468554476603,0.0,0.0,3.4657586831880423,30.1
567,4,112.05075350794084,0.9501590014935608,0.0,0.9098949443144605,0.0010416666666666667,0.0,3.52295011704307,30.1
568,4,98.99226940782316,0.9503243757828721,0.0,0.8559650499243276,0.0010416666666666667,0.0,3.522550256596331,30.0
569,4,95.7994987954944,0.9508757929501549,0.0,0.8775468687028615,0.0,0.0,3.471100508802308,30.0
570,4,84.94251811951096,0.9534488757324937,0.0,0.9006676510386256,0.0,0.0,3.394840949636912,29.9
571,4,132.46335507088045,0.9501930930902233,0.0,0.8406360866766425,0.0010416666666666667,0.0,3.4893780445617972,29.9
572,4,113.59629793132257,0.95049550363634,0.0,0.9075953976873973,0.0,0.0,3.477233646416862,29.9
573,4,98.72711951125177,0.9513659895059778,0.0,0.8685980865661462,0.0,0.0,3.469552284122858,30.0
574,4,103.53453553523099,0.9515812691564288,0.0,0.8504324778532585,0.0,0.0,3.5049380198390803,29.8
575,4,116.07461486947054,0.9514210698381346,0.0,0.9141438538241387,0.0,0.0,3.486827041086401,29.8
576,4,96.41669480332168,0.9511318275159004,0.0,0.8144572936466696,0.0,0.0,3.4316537645091243,29.8
577,4,93.17913044880183,0.9521430577554557,0.0,0.9215869893863924,0.0,0.0,3.456838576793046,30.0
578,4,101.29568937607795,0.9529071654920591,0.0,0.8560692163831004,0.0,0.0,3.409393703195396,29.8
579,4,92.47308280599677,0.9524570464238982,0.0,0.9164431898985418,0.0,0.0,3.41195143635574,29.8
580,4,97.03104246978005,0.9516727796952766,0.0,0.9024793526812717,0.0,0.0,3.4717975450618863,30.0
581,4,95.89773231306475,0.9506694999556822,0.0,0.8527455609702598,0.0,0.0,3.4744035085306297,29.6
582,4,100.1109371110135,0.9501283435508192,0.0,0.8381880029811449,0.001388888888888889,0.5733380225449134,3.4732552267962675,29.8
583,4,107.52431350145069,0.950142394799066,0.0,0.8988046567891872,0.006944444444444444,0.5753815759587045,3.4986614265101657,30.4
584,4,105.32297452547584,0.9503618449991211,0.0,0.8505892991916568,0.0,0.0,3.5243017735196167,29.7
585,4,110.42448047272669,0.950295909184492,0.0,0.8873284214900997,0.0010416666666666667,0.0,3.484751580177056,29.6
586,4,93.3103744274434,0.9505170977743322,0.0,0.8807476355378117,0.0,0.0,3.4245210369700176,29.5
587,4,93.43577919625875,0.9506020491306904,0.0,0.8619162420326202,0.0,0.0,3.470680622872541,30.0
588,4,108.08276768128096,0.951341625504263,0.0,0.8919813655191972,0.0,0.0,3.4402212029718657,29.6
589,4,104.42835293282214,0.9524099479276789,0.0,0.7450753926323908,0.0,0.0,3.4276846426295915,29.6
590,4,87.30893070840075,0.9517392691183321,0.0,0.8656044663613407,0.0,0.0,3.4199579549891546,29.8
591,4,123.80172472127946,0.950185461514507,0.0,0.8977678475339969,0.0010416666666666667,0.0,3.5562366189198436,29.7
592,4,108.55144836808547,0.9504958647667334,0.0,0.8566262678837893,0.0,0.0,3.474157625695421,29.7
593,4,95.18329272667775,0.9511946211410284,0.0,0.8492069069328653,0.0,0.0,3.434691284289072,29.7
594,4,145.1835556881501,0.9500418418751493,0.0,0.8920544555029586,0.001736111111111111,0.0,3.547292493600643,30.1
595,4,103.81978226367647,0.9508037594887004,0.0,0.8465296323910163,0.0006944444444444445,0.0,3.484586367201163,29.9
596,4,106.45865704887359,0.951283057144157,0.0,0.8482244061242067,0.0,0.0,3.4914790484831375,29.8
597,4,131.56549467285376,0.9500941139858271,0.0,0.8710752287840658,0.0006944444444444445,0.0,3.520783743241167,29.7
598,4,114.79761556502856,0.951298623401243,0.0,0.8635084750699203,0.0,0.0,3.4838661396287125,30.0
599,4,112.0835654752163,0.9504104283316016,0.0,0.8881853341173217,0.0006944444444444445,0.0,3.4475214519279085,29.7
