candidate,seed,scenario,days,cost,unmet,curtailed,viol,sq,retail,obj
A,100,S3,30,722.981541025701,20.414851226892253,0.0,0.0,0.9974842688318778,0.2026418195922317,763.8112434794855
A,100,S7,30,1111.2451644929126,29.1959443647812,57.719766408656945,0.030092592592592594,0.9976379259784219,0.2034865974518608,1198.4969364268036
A,101,S3,30,722.6898640823347,27.60888270578027,0.06931338813098654,0.0,0.9966093266953724,0.1950559285189652,777.9422861879607
A,101,S7,30,1108.5616981470046,41.58061133034253,32.598623321444535,0.0,0.996634820646183,0.19609565664965198,1208.0222324684119
B,100,S3,30,720.490335376764,37.668062333011456,0.0,0.0,0.995343763325598,0.2123127044167326,795.826460042787
B,100,S7,30,1107.1313343171084,66.30292559107582,101.50623599084518,0.006944444444444443,0.9946237771844025,0.21971533163425194,1290.4903034946826
B,101,S3,30,719.0761199890283,28.923336717496838,0.0,0.0,0.9964362963435459,0.2025272066017821,776.922793424022
B,101,S7,30,1108.2168314831213,46.51596517006854,17.86276482482034,0.00462962962962963,0.9962349563695168,0.20806052382306608,1210.1801442356684
C,100,S3,30,711.7494235402667,24.554473839018524,0.0,0.0,0.9969752686142345,0.1993534499388158,760.8583712183037
C,100,S7,30,1094.8929261620535,33.05928391499701,44.898526174595965,0.0,0.9973232481896607,0.1935449991586801,1183.4607570793455
C,101,S3,30,715.5362751806176,34.99373886499062,0.0,0.0,0.99568035399327,0.2031047386270815,785.5237529105989
C,101,S7,30,1100.9077824012638,65.67172463244009,145.9319526095906,0.0,0.9946748296588519,0.2088889095693783,1305.2172079709394
D,100,S3,30,727.5691091851347,59.35502725391239,0.0,0.0,0.9926524070748146,0.2223727436785575,846.2791636929595
D,100,S7,30,1120.9501178091975,88.49522286695856,100.64726040263541,0.0,0.9928319065064232,0.22048325594345436,1348.2641937444323
D,101,S3,30,706.1947370797121,31.40366171956308,0.0,0.0,0.9961262370331517,0.20447724098137188,769.0020605188383
D,101,S7,30,1082.6517045148003,54.862032840422245,147.3937115992515,0.032407407407407406,0.9955611873008122,0.20636332033083052,1266.0726259952705
