variant,method,scenario,fleet,network,split,cost_eur,cost_per_kwh,service_quality,violation_rate_pct,min_voltage_pu,curtailed_kwh,q_activation_pct,peak_ev_kw,retail_price_paid,energy_delivered_kwh,unmet_kwh
abl_base,nested,S1,residential,ieee33,test,1.4878816279775584,0.0003165347817860118,0.0006159397772331957,0.0,0.0008940690220349845,0.0,0.02169513798862959,54.050716566030744,0.002854513778734971,2.5521801496517376,2.552180149650875
abl_base,nested,S2,residential,ieee33,test,1.8784317184084862,0.00021775426270098912,0.0006750449936542304,0.0,0.002212187647819174,0.5380225426412656,0.017586499919650538,75.93621268167516,0.0034095772397798323,4.5984829271566445,4.598482927155996
abl_base,nested,S3,residential,ieee33,test,1.1375720310703301,9.986452976416846e-05,0.0006522220122716618,0.0,0.0017160433492112532,0.9732195742388032,0.252319486874855,85.19867446953397,0.0045472435249318075,5.284156801666684,5.2841568016661
abl_base,nested,S4,residential,ieee33,test,1.419817138293768,0.00012412144856302067,0.0007167067451563731,0.00734930919740164,0.001768124041796297,4.737777857057575,0.1451527328148575,87.59499659811785,0.004014235088961037,5.815675298716666,5.81567529871677
abl_base,nested,S5,residential,ieee33,test,2.356728773008582,0.00022218964103528008,0.0004996263891673876,0.0,0.0015476780132847056,2.033986571224477,0.5553720761832693,101.12765710787185,0.005544703536104512,5.087634718482636,5.087634718482791
abl_base,nested,S6,residential,ieee33,test,2.4697963661841844,0.00022734113585934612,0.0012452693518203671,0.0,0.00183306343329736,0.9732195742388032,0.19824817914669338,82.82070373369247,0.004326809648783707,10.140795864509816,10.140795864509867
abl_base,nested,S7,residential,ieee33,test,5.750780182702963,0.0004488101052338647,0.0003453122576924254,0.008018753738744805,0.0013658185400954646,35.15436012768124,0.8328656094813797,79.85074956851628,0.0071813594979776695,4.28490487551021,4.284904875510844
abl_flat_timescale,nested,S3,residential,ieee33,test,6.392426660243658,0.0009215666051548823,0.0017925901353445075,0.0,0.004480022507215797,1.2565454417150892,0.3356028066437475,238.6720636239148,0.003959307470177723,14.57869113289586,14.578691132895603
abl_flat_timescale,nested,S5,residential,ieee33,test,7.927855788900512,0.0009250674894680848,0.0019568908987600275,0.0,0.00496277700736912,2.6994248152203997,0.7723275474401903,256.3902241116559,0.005576815177542347,19.881274400212313,19.88127440021236
abl_no_behavior,nested,S3,residential,ieee33,test,3.7807386206817255,0.0004593812454635117,8.051804348073383e-05,0.0,0.000995834792798479,0.27060589017918896,0.08299700649071476,24.457168675444763,0.015412180000474927,0.6515826690524319,0.651582669052221
abl_no_behavior,nested,S5,residential,ieee33,test,0.73773039397104,7.60076137486229e-05,4.860571646176877e-05,0.0,0.0008809313196728965,0.05735335273954616,0.2533773922051029,30.608375290008908,0.018009352243585103,0.49083860640963184,0.49083860640932514
abl_no_curriculum,nested,S3,residential,ieee33,test,0.4320052189414777,7.364119136914798e-05,0.00017899192700535776,0.0,0.000860107837486824,1.180487718382208,0.023746886302281757,88.72825523041986,0.0009143026329464527,1.4256135927842055,1.4256135927842433
abl_no_curriculum,nested,S5,residential,ieee33,test,1.6924475398840488,0.00013990706602982415,0.0002452111976531159,0.0,0.0009651608773858848,2.5968700691684994,0.05401212522000867,63.810289217912825,0.00353281101099623,2.4758293561499554,2.475829356149764
abl_no_guard,nested,S3,residential,ieee33,test,6.115743354180213,0.000801487967480146,0.0009848488364579753,0.0,0.0018033514150637214,0.6163442485141098,0.19203366635136057,67.43650095535303,0.0017850886606797683,8.012216454029154,8.012216454029314
abl_no_guard,nested,S5,residential,ieee33,test,5.47329899387787,0.000600211463978204,0.0010830561213101399,0.0,0.0016393791061394874,1.885443888979024,0.24665587438853,84.32199835453403,0.003094046482925467,10.99656174769601,10.996561747696202
abl_no_l1,nested,S3,residential,ieee33,test,6.866410355865148,0.0008633592239641914,0.0001940160329484832,0.0,0.0009553485914204682,0.12050245484113897,0.06538604103430579,49.25100276772331,0.0012509357268124799,1.5744778554664889,1.5744778554658974
abl_no_l1,nested,S5,residential,ieee33,test,11.583719250851287,0.0011896369364718898,0.0004051040790871105,0.0,0.001789098904558818,0.8218786485966921,0.23769485184284622,87.90829827429587,0.003806976894078499,4.121841246807841,4.121841246806855
abl_no_l3,nested-noL3,S3,residential,ieee33,test,3.0739461384607476,0.0004580188601803324,0.0009371525929242496,0.1926654732117336,0.0026956422746506115,0.0,0.0,152.1263063609352,0.0070765492246151794,7.590915601591028,7.59091560159089
abl_no_l3,nested-noL3,S5,residential,ieee33,test,6.89855025851276,0.0007528113475110675,0.0009878308966371695,0.5306216024432325,0.003970050207141969,0.0,0.0,168.1673306461805,0.006501197879824623,10.04527005670053,10.045270056699474
abl_no_prior,nested,S3,residential,ieee33,test,25.850070537656652,0.003258920517347136,0.0013846029738068264,0.0,0.002645006670302112,0.34800674144500116,0.38488597932139496,136.19201637635777,0.0064110441941928895,11.292677335346937,11.292677335347326
abl_no_prior,nested,S5,residential,ieee33,test,25.15774522175637,0.0025605299043481274,0.0013678805492326972,0.0,0.0030408266120735554,3.067902600048487,1.0095235170522188,91.58736717104752,0.007334796028510768,13.86771879691581,13.867718796915593
abl_proportional,nested,S3,residential,ieee33,test,15.406663873067343,0.001973225048130853,0.0006490288051190911,0.0,0.0016728844201466995,0.3436128754413275,0.1753212072744327,146.3472798890287,0.006556043056803912,5.2835057444983065,5.2835057444980436
abl_proportional,nested,S5,residential,ieee33,test,23.465542210978594,0.00244591572279781,0.0012531166892250855,0.0,0.002769887877085681,1.0479408287204734,0.6137589941342273,218.8174239874716,0.00045384950414206754,12.779687272749593,12.779687272749747
ablation,nested-noL3,S3,residential,ieee33,test,1.1689927557424669,0.0001043542774016567,0.000652117634913174,0.24828501269884215,0.002423305419055397,0.0,0.0,86.2837237046208,0.00458418234651666,5.2812274234126155,5.281227423412425
decomp,nested-flatprice,S3,residential,ieee33,test,4.438321632622535,0.0005382098043340298,0.00019953596266116704,0.0,0.0009715850619357014,0.3726644114257969,0.0985592586677467,34.632722075987004,2.4037033579794548e-17,1.6377659454171472,1.63776594541698
decomp,nested-flatprice,S7,residential,ieee33,test,4.959747951552866,0.0003962573124426964,0.00020158772812849641,0.012445870454011033,0.0007291180064371448,25.748168884500412,0.4758413195801235,41.60439462535933,8.092071311423672e-17,2.5012275169707867,2.501227516970616
decomp,nested-planprice,S3,residential,ieee33,test,4.842815845794018,0.000577145337743187,0.0004443466668407738,0.0,0.0014298098678484656,0.8001886900658461,0.15397698541352545,83.34400981678708,0.004025097994232875,3.591727729602873,3.5917277296029306
decomp,nested-planprice,S7,residential,ieee33,test,7.432668128360821,0.0006151452835084682,0.00037206256355995385,0.030925787313949737,0.00048463512624233426,31.755609011259807,0.6686707435439395,37.84956237841131,0.0053541645436293315,4.594571603554195,4.594571603554531
general,nested,S3,acn_caltech,ieee33,test,1.6756836534541555,0.0008923493378823107,4.970846779358944e-05,0.0,0.0006427070583484285,0.0,0.002405626121623441,72.72421549886582,0.004775029295661141,0.0880284185873995,0.08802841858738783
general,nested,S3,acn_jpl,ieee33,test,7.828378693586587,0.0026750318529956954,0.0021975053178089655,0.0,0.00035794837024489737,0.0,0.011974552922571827,45.027832504451766,0.007256070819081793,7.138175817445324,7.1381758174454095
general,nested,S3,residential,ieee69,test,0.30291847688331375,0.0001014106887390085,0.0008088938643876283,0.0,0.0007500572073240219,0.6509792191040371,0.032483376565351385,111.36999923554488,0.002424305158667765,6.560612188898337,6.56061218889849
main,cpo,S1,residential,ieee33,test,3.7808009231019395,0.0009153097520679503,0.0002834220331999138,0.022395160411940413,0.0011932677952257104,0.0,0.0,19.744640366784605,0.003406523596441846,1.1709879360887763,1.1709879360890652
main,cpo,S2,residential,ieee33,test,6.50529908779394,0.0009518274974801099,0.00025560122090948466,0.1759273269924717,0.0017999753872131473,0.0,0.0,40.17410745174351,0.0008674828355277031,1.7415314403768807,1.7415314403769235
main,cpo,S3,residential,ieee33,test,10.889039877458266,0.0013274546428285888,0.00031310816418319914,0.3205310625150658,0.002536790810416228,0.0,0.0,57.806766356409454,0.0005227176854837889,2.5651077531034523,2.5651077531028537
main,cpo,S4,residential,ieee33,test,10.817460832279446,0.0013202018644031827,0.00030232728055837684,0.2991119830348856,0.0022829419309112506,0.0,0.0,58.706820462144705,0.0005214793271599347,2.4759029502987397,2.475902950298239
main,cpo,S5,residential,ieee33,test,16.13768190471366,0.0015775794749848652,0.0005319030750534043,0.7056334712008865,0.003457650302057925,0.0,0.0,77.42925603193721,0.0017271807780480273,5.428162072198926,5.428162072199557
main,cpo,S6,residential,ieee33,test,8.34494247313886,0.0010175660899941798,0.00035934264247616777,0.25639204885497013,0.002621982652755586,0.0,0.0,67.71001759287904,0.0009474226510011873,2.9483076713700678,2.948307671370071
main,cpo,S7,residential,ieee33,test,21.10152297749007,0.001682895232164299,0.0008756663826158524,1.0911099089153822,0.003720092848332956,0.0,0.0,73.46760073670991,0.003070623420521942,10.84656720381546,10.846567203815194
main,cpo+L3,S1,residential,ieee33,test,3.782829824036714,0.0009156865413018306,0.00028268639261570496,0.0,0.001118418158894052,0.0,0.0338359103196662,19.744663880443877,0.0034064483992793447,1.1676373982537174,1.1676373982539299
main,cpo+L3,S2,residential,ieee33,test,6.495936893372406,0.0009502679347472431,0.00026075685508871355,0.0,0.001491966065655768,0.0,0.1991702502389524,40.059028708593736,0.000867937347199847,1.7759632726375314,1.775963272636965
main,cpo+L3,S3,residential,ieee33,test,10.889523721926574,0.001327021079248477,0.00031797141952579204,0.0,0.002019960278905253,0.0,0.3601836380048652,57.73861711144879,0.0005224204881308694,2.605563829846911,2.6055638298468193
main,cpo+L3,S4,residential,ieee33,test,10.815092157701224,0.0013190708784783954,0.00030325373495076693,0.0006211299937499413,0.0016822023529029307,1.2099739660907405,0.34733414862703765,58.5294650265402,0.000521186460935197,2.478777797346378,2.478777797346039
main,cpo+L3,S5,residential,ieee33,test,16.10329378261304,0.001574254098729589,0.0005291078357404642,0.0,0.00255464315014957,0.0,0.7980859384323575,77.70854329828349,0.0017269595515247366,5.399359739923509,5.399359739924071
main,cpo+L3,S6,residential,ieee33,test,8.332215221073248,0.0010159800107389318,0.0003638479670838505,0.0,0.002164694013137312,0.027665556932505057,0.32683834302164705,67.47422111747295,0.0009477481491985786,2.987898232472812,2.9878982324722676
main,cpo+L3,S7,residential,ieee33,test,21.084890009664033,0.0016820921833317704,0.0008676584292852538,0.0024845199749997664,0.002621569398107365,3.007115041751087,1.1466529055483483,74.07089125306612,0.00307189569481553,10.743941693613737,10.743941693612628
main,flat_ddpg,S1,residential,ieee33,test,26.424378630955545,0.006432764830596473,0.0006883908944548806,0.055948264792872106,0.0025726105768023567,0.0,0.0,45.3060074351667,0.01090251203403406,2.8495995048991665,2.849599504899013
main,flat_ddpg,S2,residential,ieee33,test,47.73020750843582,0.007009432094158114,0.0011727260486479446,0.2331749627889001,0.0026594660164725235,0.0,0.0,57.52922196576244,0.00256724620210305,7.951614528112939,7.951614528112906
main,flat_ddpg,S3,residential,ieee33,test,53.66344945159603,0.006565820758264484,0.0011660102518962052,0.30102768934615703,0.0029579854920419404,0.0,0.0,80.87728160327252,0.0024494444167151978,9.466668408866308,9.466668408866356
main,flat_ddpg,S4,residential,ieee33,test,54.10356946640124,0.006661657614785548,0.0011645219499980518,0.3979480548023669,0.003036894816183301,0.0,0.0,76.15708326638091,0.0022994592777804647,9.435097258307353,9.435097258307387
main,flat_ddpg,S5,residential,ieee33,test,47.32406170171688,0.004689223013594065,0.0009151126013337577,0.5799433574406264,0.003055867620185709,0.0,0.0,95.57645973051976,0.004742182981615831,9.294164537941505,9.294164537941374
main,flat_ddpg,S6,residential,ieee33,test,40.21947362379994,0.004834676614904277,0.002064054975277942,0.3193363343630731,0.00296739279371393,0.0,0.0,70.99495303289163,0.001820462752518052,16.79535060117794,16.795350601177795
main,flat_ddpg,S7,residential,ieee33,test,49.68966759853954,0.004016204499769194,0.0009709359697195429,0.9061842781618178,0.004667493517883036,0.0,0.0,111.74926620802422,0.006656050038070112,12.01128093641486,12.011280936414881
main,flat_ddpg+L3,S1,residential,ieee33,test,26.427327080526627,0.006434585260742952,0.000677290395406365,0.0,0.002405437614070313,0.0,0.08044412791527661,45.32267962041349,0.010900634997050768,2.8000674440871602,2.8000674440873983
main,flat_ddpg+L3,S2,residential,ieee33,test,47.745328804126245,0.007012984209842298,0.0011707951552612362,0.0,0.0025250500609481645,0.21122197807701165,0.25231834010449267,57.91679742236013,0.0025632202320237324,7.938888561134975,7.9388885611351245
main,flat_ddpg+L3,S3,residential,ieee33,test,53.63143385369069,0.00656071299319531,0.0011778737688786611,0.0,0.00255114590321155,0.3230014546770438,0.35272117874926595,79.92717158080025,0.0024451297806576556,9.562104744744861,9.562104744744609
main,flat_ddpg+L3,S4,residential,ieee33,test,54.151134626131075,0.006667293179972793,0.0011503272683134767,0.0007607257743127303,0.0024073848061336883,6.754389929196542,0.46377722375253067,75.28200768619791,0.0022771025585040273,9.32253625990768,9.322536259907674
main,flat_ddpg+L3,S5,residential,ieee33,test,47.34125569379769,0.0046899535417403515,0.0009232974249270479,0.0,0.002710023106980989,0.7138416043509949,0.6263306821933524,98.45676631135939,0.004738915225539686,9.379161692128402,9.379161692128958
main,flat_ddpg+L3,S6,residential,ieee33,test,40.20321388358847,0.004833295797324011,0.002072898952170302,0.0,0.002507775388164071,0.3230014546770438,0.36675924757122663,71.1730747648907,0.0018186124056694202,16.863065841957738,16.863065841957365
main,flat_ddpg+L3,S7,residential,ieee33,test,49.657793754673236,0.004012877865994746,0.0010498481002840503,0.004851180332381384,0.003182655949127242,9.344831959085063,0.9808872786386118,111.4374966587199,0.006653758563711753,13.036156025162866,13.036156025162954
main,hrl,S1,residential,ieee33,test,13.843429389899308,0.00333028965065603,0.0007072266954151757,0.0034583054438857594,0.0009987749708208669,0.0,0.0,94.90693326712683,0.004970172154662945,2.905648619287566,2.9056486192871653
main,hrl,S2,residential,ieee33,test,20.66883692010794,0.003006273312006221,0.0006400561569231516,0.0221874728307954,0.001838340734269065,0.0,0.0,187.58440403148583,0.0038956528203744653,4.349975570989572,4.349975570989163
main,hrl,S3,residential,ieee33,test,24.528853693553167,0.0029817807574016057,0.0006842880814954051,0.013343456804972722,0.0025271917380829192,0.0,0.0,238.16432451182982,0.0031355613388614504,5.564459308611015,5.564459308610794
main,hrl,S4,residential,ieee33,test,24.336029076297276,0.0029732766549206246,0.0006701541772545983,0.08255422834285321,0.002177705566898601,0.0,0.0,222.55830908086537,0.0029459634042774533,5.4595436543674625,5.459543654367455
main,hrl,S5,residential,ieee33,test,32.857324301286155,0.003247820923494895,0.0008451952691601261,0.13747895461838136,0.0029296426940479607,0.0,0.0,268.7350399082638,0.002467927156576519,8.599666198027055,8.599666198026387
main,hrl,S6,residential,ieee33,test,21.01492910763469,0.002543233638163444,0.0008861786089016411,0.013270976872879172,0.0024217847961362934,0.0,0.0,230.65708950194207,0.003911640055868695,7.2190301473690415,7.219030147368806
main,hrl,S7,residential,ieee33,test,44.505684527257245,0.003596092477863483,0.0009036704843060777,0.2678168914495107,0.0025053257285821626,0.0,0.0,255.96984088682126,0.0028981426022755743,11.195956815375489,11.195956815375286
main,hrl+L3,S1,residential,ieee33,test,13.84343103769277,0.003330290024787551,0.0007072266216479025,0.0,0.000995181711784263,0.0,0.005065161813558464,94.90693502672099,0.004970171486722184,2.9056482824590946,2.9056482824586
main,hrl+L3,S2,residential,ieee33,test,20.674154984332347,0.003006329126542219,0.0006467935862595707,0.0,0.0018992398886861041,0.0,0.022686129987883805,187.6227863156503,0.003894557888594654,4.395640294974444,4.395640294974532
main,hrl+L3,S3,residential,ieee33,test,24.4978471095463,0.002978099690908865,0.0006813938103561909,0.0,0.0025167485037985433,0.0,0.023516969181979482,238.20939802836,0.003140761006178447,5.541767301094021,5.541767301094278
main,hrl+L3,S4,residential,ieee33,test,24.32454950210759,0.002971111578849557,0.000691035609118524,0.0,0.002102056361072989,0.9401682050037039,0.09962022793998626,224.40051271525277,0.00297125044508356,5.632490639022315,5.632490639022292
main,hrl+L3,S5,residential,ieee33,test,32.86168998906367,0.0032477436414897875,0.0008338482534297224,0.0,0.0027317747646075597,0.0,0.18113422228138304,268.55913655525575,0.0024711738847963717,8.486469085515596,8.486469085514624
main,hrl+L3,S6,residential,ieee33,test,21.019457483659,0.002543251211809071,0.000886108673591057,0.0,0.002424566881434904,0.0,0.023664156100537737,230.95303516909493,0.0039084449310077,7.217880543216657,7.217880543216915
main,hrl+L3,S7,residential,ieee33,test,44.52134922050881,0.003596085852111489,0.0008993181967453763,0.0,0.0021551047381192364,0.17109984692574734,0.34073240604742044,255.7131509293123,0.002923562178227603,11.13599529242539,11.135995292426136
main,nested,S1,residential,ieee33,test,1.722241660103429,0.0003925553105166574,0.0007929028858170451,0.0,0.0006909240450868438,0.0,0.02054429120788955,52.24986883163167,0.007149771206232931,3.267487444256895,3.267487444256323
main,nested,S2,residential,ieee33,test,2.9099525038724137,0.00040139832679921976,0.0005408321297098854,0.0,0.001665513350364643,0.4167504695067583,0.05320187792564107,64.67558489194502,0.0037524032271132463,3.678305958639327,3.6783059586384694
main,nested,S3,residential,ieee33,test,3.1170839236784227,0.0003607668788001395,0.0004947016165922974,0.0,0.001358370812702976,0.765168996026345,0.21596753299661034,76.68825629114221,0.004062878186691975,4.004431081091547,4.004431081091098
main,nested,S4,residential,ieee33,test,2.8709959151146385,0.0003212220850395057,0.0005740170963636202,0.006440012844094238,0.0015318063495130868,4.791515528079486,0.1462131297831616,73.21029082458206,0.0039003892259668865,4.650260274547612,4.650260274547516
main,nested,S5,residential,ieee33,test,3.8214515433015377,0.00034943887282748144,0.0005165006324966025,0.0,0.0014852564614980185,1.698420698724336,0.5122445539238961,84.67764904949692,0.0048645857421046245,5.265804571581673,5.265804571581889
main,nested,S6,residential,ieee33,test,3.321959895190347,0.0003600230381606193,0.0012803136984834184,0.0,0.0014762170745438758,0.765168996026345,0.1901778934914348,74.2068007108118,0.004117323061641879,10.409823050588324,10.409823050588118
main,nested,S7,residential,ieee33,test,5.115550449152075,0.00039370501022684254,0.00043664047120602864,0.009022434316062065,0.001233603854463607,34.43627639820921,0.9168568826212063,67.2505747861144,0.00599958441172959,5.396663085261653,5.396663085261632
main,ppo_lag,S1,residential,ieee33,test,20.882476563218415,0.004977618121068857,0.0012038645534986074,0.013657799743266134,0.0025743998515018645,0.0,0.0,50.94394649583605,0.0023358826987384044,4.957233548776543,4.957233548776221
main,ppo_lag,S2,residential,ieee33,test,35.51831880231108,0.005088446514316227,0.0014914577371098023,0.1755239071332126,0.0030893939844432116,0.0,0.0,78.24620175589722,0.0006144847345772743,10.121071442837026,10.121071442837035
main,ppo_lag,S3,residential,ieee33,test,43.70727416101933,0.005238860523448433,0.0015341941912683469,0.18627687476998872,0.003416911545300974,0.0,0.0,103.51223246478861,0.00040545600792099535,12.475652445055978,12.4756524450559
main,ppo_lag,S4,residential,ieee33,test,43.55022207395641,0.005241363726893087,0.0016283700482011072,0.32660808242628175,0.0036465638812186235,0.0,0.0,99.0797872151411,0.00043237428291970786,13.22797914011852,13.227979140118917
main,ppo_lag,S5,residential,ieee33,test,54.61072769007413,0.005314181846364266,0.0015682690063967962,0.5186041182650611,0.0036274496504493715,0.0,0.0,112.4265313398759,0.0006615413432192793,15.888156139039715,15.888156139039552
main,ppo_lag,S6,residential,ieee33,test,33.709720128354626,0.003963363211580229,0.002240576071036669,0.15218762279129075,0.003451990850998121,0.0,0.0,124.57790105020774,0.0004883077018696327,18.25527245595302,18.2552724559528
main,ppo_lag,S7,residential,ieee33,test,65.81857391542358,0.005250913586132758,0.0014992692937454554,0.8531328432009566,0.0036614279760568045,0.0,0.0,149.29564445592942,0.0012720637029330058,18.497855895886367,18.49785589588631
main,ppo_lag+L3,S1,residential,ieee33,test,20.882478984927733,0.004977618320107183,0.001203871777150568,0.0,0.0024907744078255705,0.0,0.025994865352437547,50.944020991562304,0.002335882759900134,4.957265796795989,4.957265796795954
main,ppo_lag+L3,S2,residential,ieee33,test,35.51265824181006,0.0050884321696061646,0.0014797037173258894,0.0,0.0027536533796962037,0.0,0.21158800302637995,78.17468261107649,0.0006145659940603162,10.040280395726686,10.040280395726763
main,ppo_lag+L3,S3,residential,ieee33,test,43.714243296421316,0.005239210820418807,0.0015431968207306713,0.0,0.0030211949196022763,0.0,0.2395231405867567,103.46872392487845,0.0004057639370999838,12.551607494561988,12.55160749456195
main,ppo_lag+L3,S4,residential,ieee33,test,43.544221299277005,0.005240612835635263,0.0016372873435861576,0.0,0.0026838145344286767,0.6023339082832959,0.3741958971507363,98.73114769494457,0.00043340801275594705,13.294065480030907,13.294065480031149
main,ppo_lag+L3,S5,residential,ieee33,test,54.60418443752733,0.005314188145268869,0.0015575314547674325,0.0,0.0028394408771490226,0.0,0.6322934018220137,112.34148154992889,0.0006613565953696133,15.778301355147825,15.77830135514814
main,ppo_lag+L3,S6,residential,ieee33,test,33.70867867314257,0.003963176438771097,0.0022412649485388453,0.0,0.003089217100252544,0.0,0.19489036170734497,124.578242493713,0.0004883684500714434,18.261708452676242,18.26170845267559
main,ppo_lag+L3,S7,residential,ieee33,test,65.83318211688511,0.005251234892742417,0.0015081791330308143,0.0006211299937499413,0.0025422383239439316,0.30957739192343026,0.9991180524422772,149.3766351446372,0.0012716950853620985,18.610168675439823,18.610168675439446
regime,nested,S3,residential,ieee33,alt,1.8288971455449081,0.00021919026476751878,0.0007210647918296264,0.0,0.0019883747133525474,0.12882639210607533,0.12349948143041027,89.48992533854035,0.007264513154213986,5.871922417664339,5.871922417664616
sens_S10,nested,S3,residential,ieee33,test,3.103577568628666,0.00035997371673943894,0.0004835916882375707,0.0,0.001361152846429773,4.232048826634312,0.21600102523190615,75.36314264114009,0.004063186439325136,3.912782475889727,3.912782475889563
sens_S14,nested,S3,residential,ieee33,test,3.1193249823226137,0.0003604895850929513,0.0004887533502921054,0.0,0.0013513326541821718,0.10503977501421534,0.21547168686281307,76.56231542474461,0.004077125320967322,3.9554423155497824,3.955442315549745
sens_delta0.0005,nested,S3,residential,ieee33,test,3.1168266742708157,0.00036069094248185514,0.0004939214582572414,0.0,0.0013826908928301095,0.6582417233686786,0.21570656222668405,77.37673097129098,0.004050088926964861,3.997030528356109,3.9970305283554346
sens_delta0.002,nested,S3,residential,ieee33,test,3.118822566042258,0.0003608728490588326,0.0005026006017458939,0.0,0.0013132288944165493,0.7576514964151544,0.22808118342942693,76.80721589138462,0.004058726524553891,4.072869876114714,4.072869876114664
